{"type":"FeatureCollection","features":[{"type":"Feature","properties":{"nom":"Île-de-France","code":"11"},"geometry":{"type":"Polygon","coordinates":[[[2.61,49.09],[2.61,49.09],[2.61,49.09],[2.63,49.11],[2.63,49.11],[2.68,49.09],[2.68,49.09],[2.69,49.07],[2.69,49.07],[2.69,49.07],[2.7,49.06],[2.7,49.06],[2.72,49.08],[2.72,49.08],[2.73,49.06],[2.76,49.06],[2.76,49.06],[2.79,49.08],[2.79,49.08],[2.79,49.09],[2.79,49.09],[2.81,49.1],[2.84,49.08],[2.84,49.08],[2.87,49.07],[2.9,49.08],[2.9,49.08],[2.9,49.09],[2.92,49.08],[2.94,49.08],[2.94,49.08],[2.95,49.09],[2.95,49.09],[2.97,49.09],[2.97,49.09],[2.97,49.07],[2.99,49.07],[3,49.09],[3,49.09],[3.03,49.09],[3.03,49.09],[3.06,49.09],[3.06,49.09],[3.06,49.1],[3.06,49.1],[3.07,49.12],[3.08,49.11],[3.12,49.11],[3.12,49.11],[3.12,49.11],[3.17,49.1],[3.16,49.08],[3.16,49.08],[3.18,49.06],[3.18,49.06],[3.19,49.05],[3.19,49.05],[3.18,49.03],[3.16,49.03],[3.17,49.01],[3.2,49.01],[3.22,48.99],[3.22,48.99],[3.23,48.98],[3.25,48.98],[3.26,48.95],[3.26,48.95],[3.26,48.95],[3.26,48.95],[3.27,48.94],[3.27,48.94],[3.3,48.95],[3.3,48.95],[3.31,48.92],[3.31,48.92],[3.33,48.91],[3.37,48.93],[3.38,48.91],[3.38,48.87],[3.4,48.87],[3.4,48.87],[3.45,48.86],[3.45,48.86],[3.46,48.84],[3.46,48.84],[3.49,48.85],[3.49,48.85],[3.49,48.82],[3.48,48.81],[3.48,48.81],[3.48,48.81],[3.47,48.82],[3.47,48.82],[3.43,48.81],[3.42,48.82],[3.42,48.82],[3.41,48.81],[3.42,48.8],[3.44,48.8],[3.44,48.78],[3.41,48.78],[3.41,48.78],[3.4,48.76],[3.4,48.76],[3.41,48.75],[3.43,48.76],[3.44,48.75],[3.44,48.75],[3.44,48.74],[3.44,48.74],[3.47,48.74],[3.47,48.73],[3.47,48.73],[3.47,48.73],[3.46,48.71],[3.47,48.69],[3.44,48.67],[3.44,48.66],[3.46,48.65],[3.45,48.63],[3.49,48.65],[3.51,48.64],[3.53,48.65],[3.53,48.65],[3.52,48.63],[3.54,48.63],[3.56,48.62],[3.56,48.62],[3.51,48.61],[3.52,48.59],[3.5,48.59],[3.47,48.57],[3.47,48.57],[3.48,48.54],[3.48,48.54],[3.45,48.53],[3.45,48.53],[3.41,48.53],[3.41,48.53],[3.41,48.53],[3.42,48.52],[3.43,48.49],[3.4,48.49],[3.39,48.48],[3.41,48.45],[3.39,48.43],[3.41,48.42],[3.41,48.42],[3.41,48.42],[3.42,48.41],[3.42,48.41],[3.41,48.39],[3.41,48.39],[3.37,48.4],[3.36,48.38],[3.36,48.38],[3.35,48.37],[3.33,48.37],[3.33,48.37],[3.31,48.38],[3.31,48.37],[3.31,48.37],[3.28,48.38],[3.28,48.38],[3.27,48.38],[3.27,48.38],[3.25,48.37],[3.25,48.37],[3.21,48.37],[3.21,48.37],[3.2,48.36],[3.2,48.36],[3.18,48.37],[3.18,48.37],[3.14,48.37],[3.14,48.37],[3.14,48.37],[3.12,48.37],[3.12,48.37],[3.1,48.35],[3.1,48.35],[3.1,48.35],[3.08,48.36],[3.05,48.36],[3.05,48.36],[3.04,48.33],[3.04,48.33],[3.02,48.31],[3.02,48.3],[3.02,48.3],[3.03,48.29],[3.03,48.29],[3.05,48.25],[3.03,48.25],[3.01,48.21],[2.98,48.21],[2.97,48.19],[2.93,48.18],[2.93,48.18],[2.94,48.16],[2.9,48.16],[2.9,48.16],[2.87,48.16],[2.87,48.16],[2.82,48.13],[2.82,48.13],[2.82,48.13],[2.8,48.14],[2.8,48.14],[2.81,48.16],[2.81,48.16],[2.8,48.17],[2.78,48.17],[2.78,48.17],[2.75,48.16],[2.75,48.14],[2.72,48.14],[2.71,48.12],[2.68,48.13],[2.66,48.12],[2.66,48.12],[2.64,48.14],[2.58,48.13],[2.57,48.14],[2.57,48.14],[2.53,48.14],[2.52,48.13],[2.52,48.13],[2.52,48.13],[2.46,48.13],[2.46,48.12],[2.44,48.13],[2.44,48.13],[2.47,48.15],[2.47,48.15],[2.48,48.16],[2.48,48.16],[2.51,48.16],[2.51,48.16],[2.51,48.18],[2.52,48.19],[2.52,48.19],[2.52,48.2],[2.52,48.2],[2.51,48.21],[2.52,48.23],[2.51,48.24],[2.48,48.24],[2.48,48.24],[2.48,48.25],[2.44,48.25],[2.44,48.25],[2.44,48.25],[2.42,48.26],[2.42,48.3],[2.42,48.3],[2.4,48.32],[2.4,48.32],[2.37,48.31],[2.33,48.33],[2.33,48.33],[2.31,48.33],[2.3,48.31],[2.3,48.31],[2.27,48.32],[2.25,48.3],[2.25,48.3],[2.25,48.3],[2.25,48.3],[2.25,48.32],[2.24,48.32],[2.24,48.32],[2.21,48.34],[2.21,48.34],[2.18,48.32],[2.18,48.31],[2.18,48.31],[2.15,48.31],[2.15,48.31],[2.16,48.3],[2.16,48.3],[2.11,48.3],[2.11,48.3],[2.11,48.31],[2.11,48.31],[2.09,48.29],[2.05,48.3],[2.05,48.29],[1.99,48.29],[1.99,48.29],[1.98,48.29],[1.98,48.29],[1.96,48.3],[1.96,48.31],[1.98,48.31],[1.97,48.34],[1.98,48.36],[1.98,48.38],[1.97,48.38],[1.97,48.38],[1.98,48.4],[1.96,48.41],[1.93,48.4],[1.94,48.44],[1.94,48.44],[1.94,48.44],[1.93,48.45],[1.93,48.45],[1.92,48.46],[1.9,48.44],[1.88,48.44],[1.88,48.44],[1.86,48.44],[1.86,48.45],[1.84,48.46],[1.84,48.46],[1.83,48.47],[1.8,48.47],[1.79,48.49],[1.79,48.49],[1.79,48.49],[1.78,48.51],[1.78,48.55],[1.78,48.55],[1.78,48.56],[1.76,48.56],[1.75,48.58],[1.73,48.57],[1.71,48.58],[1.71,48.58],[1.7,48.59],[1.72,48.61],[1.72,48.61],[1.69,48.61],[1.69,48.61],[1.69,48.61],[1.66,48.62],[1.66,48.62],[1.65,48.64],[1.65,48.64],[1.6,48.66],[1.61,48.68],[1.61,48.68],[1.61,48.69],[1.61,48.69],[1.58,48.7],[1.58,48.7],[1.58,48.7],[1.59,48.71],[1.59,48.71],[1.62,48.74],[1.62,48.74],[1.62,48.74],[1.61,48.76],[1.58,48.76],[1.59,48.77],[1.58,48.79],[1.58,48.81],[1.58,48.81],[1.59,48.84],[1.59,48.84],[1.59,48.84],[1.58,48.84],[1.58,48.84],[1.58,48.86],[1.55,48.87],[1.55,48.87],[1.56,48.89],[1.56,48.89],[1.56,48.89],[1.54,48.91],[1.54,48.91],[1.54,48.92],[1.54,48.92],[1.54,48.92],[1.51,48.92],[1.51,48.93],[1.51,48.93],[1.5,48.94],[1.5,48.94],[1.51,48.95],[1.51,48.95],[1.5,48.97],[1.51,48.98],[1.48,48.98],[1.47,48.97],[1.46,48.99],[1.48,49.01],[1.48,49.01],[1.48,49.01],[1.47,49.02],[1.47,49.02],[1.46,49.03],[1.46,49.03],[1.45,49.05],[1.45,49.05],[1.46,49.06],[1.48,49.05],[1.5,49.06],[1.5,49.06],[1.51,49.08],[1.51,49.08],[1.52,49.07],[1.52,49.07],[1.57,49.07],[1.59,49.08],[1.59,49.08],[1.61,49.08],[1.61,49.08],[1.62,49.08],[1.62,49.1],[1.65,49.12],[1.65,49.13],[1.65,49.13],[1.66,49.15],[1.66,49.15],[1.67,49.18],[1.67,49.18],[1.67,49.19],[1.67,49.19],[1.68,49.21],[1.7,49.23],[1.7,49.23],[1.71,49.24],[1.74,49.23],[1.74,49.22],[1.74,49.22],[1.72,49.21],[1.74,49.18],[1.74,49.18],[1.76,49.17],[1.78,49.19],[1.78,49.19],[1.79,49.18],[1.79,49.18],[1.79,49.18],[1.8,49.19],[1.84,49.17],[1.84,49.17],[1.87,49.17],[1.87,49.17],[1.88,49.18],[1.88,49.16],[1.93,49.17],[1.96,49.17],[1.96,49.17],[1.97,49.18],[1.97,49.18],[2,49.18],[2.02,49.19],[2.02,49.19],[2.04,49.19],[2.04,49.19],[2.04,49.19],[2.05,49.2],[2.08,49.21],[2.08,49.21],[2.08,49.21],[2.09,49.21],[2.09,49.19],[2.13,49.19],[2.16,49.18],[2.16,49.18],[2.16,49.17],[2.16,49.17],[2.16,49.17],[2.18,49.17],[2.18,49.17],[2.21,49.17],[2.22,49.18],[2.22,49.18],[2.23,49.17],[2.22,49.15],[2.26,49.16],[2.26,49.16],[2.29,49.16],[2.3,49.18],[2.3,49.18],[2.31,49.19],[2.35,49.15],[2.37,49.16],[2.37,49.16],[2.39,49.15],[2.44,49.15],[2.44,49.14],[2.44,49.14],[2.44,49.14],[2.46,49.14],[2.46,49.14],[2.48,49.13],[2.48,49.13],[2.5,49.12],[2.5,49.12],[2.49,49.11],[2.53,49.1],[2.53,49.1],[2.54,49.12],[2.54,49.12],[2.54,49.12],[2.58,49.09],[2.58,49.08],[2.58,49.08],[2.61,49.09]]]}},{"type":"Feature","properties":{"nom":"Champagne-Ardenne","code":"21"},"geometry":{"type":"Polygon","coordinates":[[[4.05,49.41],[4.05,49.41],[4.04,49.44],[4.04,49.44],[4.06,49.45],[4.06,49.45],[4.04,49.48],[4.04,49.48],[4.04,49.48],[4.04,49.51],[4.04,49.51],[4.06,49.51],[4.06,49.52],[4.08,49.52],[4.08,49.54],[4.05,49.55],[4.05,49.55],[4.06,49.55],[4.08,49.57],[4.06,49.57],[4.06,49.59],[4.06,49.59],[4.06,49.6],[4.03,49.61],[4.04,49.64],[4.05,49.63],[4.07,49.64],[4.12,49.63],[4.12,49.66],[4.13,49.68],[4.15,49.69],[4.15,49.69],[4.16,49.69],[4.16,49.69],[4.18,49.7],[4.18,49.7],[4.19,49.72],[4.23,49.73],[4.23,49.73],[4.23,49.73],[4.23,49.75],[4.25,49.76],[4.24,49.77],[4.21,49.77],[4.21,49.77],[4.21,49.78],[4.21,49.78],[4.23,49.79],[4.21,49.81],[4.23,49.83],[4.23,49.85],[4.25,49.86],[4.25,49.86],[4.25,49.86],[4.25,49.89],[4.22,49.91],[4.22,49.93],[4.23,49.96],[4.23,49.96],[4.29,49.96],[4.31,49.97],[4.32,49.96],[4.35,49.96],[4.35,49.95],[4.42,49.95],[4.44,49.94],[4.48,49.95],[4.52,49.95],[4.54,49.97],[4.57,49.97],[4.6,49.99],[4.63,49.99],[4.69,50],[4.69,50.03],[4.7,50.06],[4.68,50.07],[4.71,50.1],[4.75,50.11],[4.77,50.14],[4.8,50.15],[4.82,50.17],[4.83,50.16],[4.9,50.14],[4.87,50.12],[4.87,50.09],[4.85,50.1],[4.84,50.09],[4.85,50.08],[4.82,50.07],[4.84,50.04],[4.82,50.03],[4.82,49.99],[4.8,49.98],[4.79,49.96],[4.81,49.95],[4.85,49.95],[4.86,49.93],[4.89,49.91],[4.88,49.9],[4.85,49.85],[4.87,49.84],[4.87,49.81],[4.86,49.79],[4.94,49.79],[4.95,49.8],[4.99,49.8],[5.01,49.78],[5.05,49.77],[5.07,49.76],[5.1,49.76],[5.13,49.71],[5.15,49.72],[5.17,49.71],[5.16,49.7],[5.17,49.69],[5.25,49.69],[5.27,49.7],[5.29,49.68],[5.32,49.67],[5.32,49.65],[5.3,49.63],[5.31,49.61],[5.34,49.62],[5.35,49.63],[5.39,49.62],[5.39,49.62],[5.39,49.62],[5.37,49.59],[5.36,49.59],[5.36,49.59],[5.34,49.59],[5.31,49.57],[5.31,49.56],[5.31,49.56],[5.31,49.56],[5.26,49.54],[5.26,49.54],[5.25,49.56],[5.25,49.56],[5.23,49.57],[5.2,49.57],[5.2,49.57],[5.16,49.57],[5.16,49.57],[5.15,49.58],[5.15,49.58],[5.15,49.59],[5.12,49.59],[5.12,49.59],[5.11,49.56],[5.11,49.56],[5.11,49.56],[5.1,49.56],[5.1,49.56],[5.09,49.54],[5.09,49.54],[5.09,49.52],[5.09,49.52],[5.06,49.5],[5.06,49.5],[5.08,49.49],[5.08,49.47],[5.08,49.47],[5.1,49.46],[5.1,49.46],[5.1,49.46],[5.11,49.46],[5.1,49.44],[5.11,49.42],[5.11,49.42],[5.09,49.4],[5.1,49.39],[5.09,49.37],[5.05,49.37],[5.06,49.36],[5.03,49.34],[5.03,49.33],[5.03,49.33],[5.03,49.31],[5.05,49.29],[5.06,49.29],[5.06,49.29],[5.06,49.29],[5.05,49.27],[5.01,49.27],[5.01,49.27],[5,49.26],[5,49.26],[5,49.26],[4.97,49.25],[4.98,49.22],[4.98,49.22],[4.99,49.21],[4.99,49.21],[4.99,49.21],[4.94,49.18],[4.95,49.17],[4.95,49.17],[4.97,49.13],[4.98,49.13],[4.98,49.13],[4.98,49.12],[5,49.11],[5,49.09],[5,49.09],[5,49.07],[5.01,49.06],[4.97,49.02],[4.97,49.02],[4.97,49.02],[5.03,49.03],[5.04,49.02],[5.04,49.02],[5.03,48.99],[5.01,48.99],[5,48.98],[5,48.98],[5.03,48.98],[5.04,48.97],[5.03,48.95],[5.03,48.95],[5.01,48.95],[5.01,48.94],[5.01,48.94],[4.95,48.93],[4.95,48.93],[4.92,48.9],[4.92,48.9],[4.92,48.89],[4.92,48.89],[4.91,48.87],[4.91,48.87],[4.93,48.84],[4.9,48.83],[4.89,48.8],[4.89,48.8],[4.89,48.8],[4.92,48.79],[4.92,48.79],[4.95,48.77],[4.95,48.77],[4.98,48.75],[4.98,48.75],[4.98,48.75],[5.01,48.74],[5.01,48.72],[5,48.71],[4.99,48.68],[5.01,48.67],[5.01,48.67],[4.99,48.66],[4.99,48.66],[5,48.62],[5.03,48.61],[5.05,48.63],[5.07,48.6],[5.07,48.6],[5.09,48.59],[5.12,48.6],[5.12,48.58],[5.13,48.57],[5.13,48.57],[5.14,48.56],[5.17,48.56],[5.21,48.53],[5.21,48.53],[5.22,48.53],[5.22,48.53],[5.23,48.53],[5.27,48.51],[5.29,48.51],[5.29,48.51],[5.29,48.51],[5.3,48.51],[5.3,48.51],[5.31,48.52],[5.35,48.49],[5.35,48.48],[5.37,48.48],[5.37,48.48],[5.4,48.47],[5.4,48.47],[5.4,48.47],[5.4,48.46],[5.43,48.43],[5.44,48.43],[5.44,48.43],[5.47,48.42],[5.47,48.42],[5.47,48.42],[5.41,48.39],[5.41,48.38],[5.44,48.38],[5.44,48.38],[5.42,48.36],[5.42,48.36],[5.42,48.33],[5.47,48.35],[5.47,48.35],[5.53,48.35],[5.52,48.34],[5.53,48.33],[5.53,48.33],[5.59,48.28],[5.61,48.29],[5.61,48.29],[5.65,48.27],[5.65,48.27],[5.65,48.25],[5.64,48.24],[5.68,48.23],[5.68,48.23],[5.71,48.22],[5.71,48.22],[5.73,48.2],[5.73,48.2],[5.73,48.19],[5.7,48.19],[5.68,48.18],[5.68,48.18],[5.69,48.16],[5.68,48.14],[5.68,48.14],[5.66,48.13],[5.66,48.13],[5.67,48.11],[5.67,48.11],[5.65,48.11],[5.63,48.08],[5.66,48.07],[5.66,48.08],[5.66,48.08],[5.7,48.08],[5.72,48.05],[5.72,48.05],[5.72,48.05],[5.74,48.05],[5.76,48.03],[5.78,48.03],[5.78,48.03],[5.79,47.99],[5.79,47.99],[5.78,47.98],[5.78,47.98],[5.79,47.95],[5.84,47.96],[5.85,47.97],[5.85,47.97],[5.85,47.97],[5.86,47.95],[5.86,47.95],[5.88,47.93],[5.88,47.93],[5.89,47.91],[5.89,47.91],[5.89,47.91],[5.88,47.9],[5.85,47.91],[5.85,47.9],[5.85,47.9],[5.82,47.87],[5.83,47.85],[5.83,47.85],[5.8,47.85],[5.8,47.85],[5.8,47.86],[5.76,47.86],[5.76,47.86],[5.74,47.85],[5.75,47.82],[5.73,47.82],[5.73,47.82],[5.71,47.82],[5.71,47.82],[5.69,47.82],[5.68,47.78],[5.68,47.78],[5.68,47.78],[5.71,47.76],[5.71,47.76],[5.71,47.74],[5.69,47.74],[5.69,47.73],[5.69,47.73],[5.69,47.72],[5.69,47.72],[5.69,47.72],[5.68,47.71],[5.69,47.69],[5.69,47.69],[5.69,47.69],[5.66,47.68],[5.66,47.68],[5.66,47.68],[5.65,47.68],[5.65,47.68],[5.61,47.68],[5.6,47.67],[5.58,47.7],[5.58,47.7],[5.57,47.71],[5.57,47.71],[5.57,47.7],[5.53,47.67],[5.51,47.68],[5.48,47.68],[5.48,47.68],[5.47,47.67],[5.43,47.67],[5.42,47.68],[5.4,47.65],[5.4,47.65],[5.4,47.65],[5.37,47.62],[5.37,47.6],[5.37,47.6],[5.36,47.59],[5.36,47.59],[5.34,47.6],[5.34,47.6],[5.32,47.61],[5.32,47.61],[5.28,47.59],[5.28,47.58],[5.26,47.58],[5.24,47.6],[5.26,47.62],[5.26,47.62],[5.24,47.62],[5.24,47.62],[5.24,47.62],[5.24,47.62],[5.19,47.65],[5.17,47.65],[5.18,47.68],[5.16,47.67],[5.14,47.65],[5.12,47.65],[5.12,47.65],[5.08,47.66],[5.08,47.66],[5.07,47.67],[5.05,47.67],[5.06,47.69],[5.03,47.69],[5.03,47.71],[5.03,47.71],[5,47.7],[5,47.69],[4.97,47.69],[4.97,47.69],[4.95,47.71],[4.96,47.71],[4.96,47.71],[4.97,47.73],[4.97,47.73],[4.96,47.73],[4.96,47.73],[4.97,47.74],[4.95,47.77],[4.94,47.76],[4.92,47.76],[4.92,47.77],[4.92,47.77],[4.92,47.77],[4.92,47.78],[4.92,47.78],[4.94,47.79],[4.99,47.8],[4.99,47.82],[4.99,47.82],[4.98,47.83],[4.98,47.83],[4.96,47.84],[4.95,47.87],[4.93,47.87],[4.93,47.89],[4.92,47.89],[4.92,47.89],[4.91,47.92],[4.87,47.92],[4.86,47.9],[4.83,47.91],[4.83,47.91],[4.83,47.92],[4.85,47.92],[4.87,47.94],[4.85,47.96],[4.8,47.96],[4.8,47.96],[4.79,47.97],[4.79,47.97],[4.81,47.99],[4.79,48.01],[4.75,48],[4.72,48.01],[4.72,48.01],[4.7,48.02],[4.7,48.02],[4.62,48.02],[4.62,48.03],[4.62,48.03],[4.58,48.03],[4.55,48.01],[4.55,48.01],[4.54,47.99],[4.56,47.97],[4.56,47.97],[4.5,47.97],[4.45,47.96],[4.42,47.97],[4.39,47.96],[4.31,47.96],[4.3,47.95],[4.3,47.95],[4.29,47.93],[4.29,47.93],[4.27,47.92],[4.22,47.95],[4.23,47.97],[4.2,47.97],[4.2,47.97],[4.2,47.96],[4.2,47.96],[4.21,47.95],[4.19,47.94],[4.17,47.96],[4.16,47.96],[4.14,47.94],[4.14,47.94],[4.14,47.94],[4.12,47.93],[4.09,47.93],[4.09,47.94],[4.09,47.94],[4.06,47.95],[4.05,47.93],[4.05,47.93],[4.03,47.93],[4.03,47.93],[4,47.94],[3.98,47.93],[3.98,47.93],[3.96,47.94],[3.95,47.93],[3.92,47.93],[3.92,47.93],[3.91,47.93],[3.91,47.93],[3.9,47.93],[3.9,47.93],[3.91,47.96],[3.9,47.99],[3.9,47.99],[3.88,48],[3.88,47.98],[3.86,47.98],[3.86,47.98],[3.86,47.98],[3.84,48],[3.84,48],[3.86,48.01],[3.87,48],[3.87,48.02],[3.84,48.04],[3.84,48.04],[3.83,48.04],[3.83,48.04],[3.83,48.06],[3.8,48.09],[3.8,48.09],[3.8,48.11],[3.8,48.11],[3.78,48.12],[3.78,48.13],[3.74,48.13],[3.74,48.14],[3.74,48.14],[3.75,48.15],[3.75,48.17],[3.72,48.17],[3.72,48.16],[3.69,48.15],[3.69,48.15],[3.67,48.14],[3.67,48.14],[3.65,48.17],[3.65,48.17],[3.64,48.19],[3.59,48.18],[3.59,48.18],[3.58,48.19],[3.58,48.19],[3.61,48.21],[3.62,48.23],[3.62,48.23],[3.6,48.23],[3.6,48.24],[3.62,48.26],[3.62,48.26],[3.62,48.26],[3.62,48.27],[3.58,48.28],[3.59,48.3],[3.56,48.31],[3.56,48.32],[3.56,48.32],[3.54,48.32],[3.54,48.32],[3.55,48.33],[3.5,48.37],[3.5,48.37],[3.47,48.37],[3.47,48.37],[3.47,48.37],[3.47,48.37],[3.47,48.37],[3.43,48.36],[3.43,48.36],[3.41,48.39],[3.42,48.41],[3.42,48.41],[3.41,48.42],[3.41,48.42],[3.41,48.42],[3.39,48.43],[3.41,48.45],[3.39,48.48],[3.4,48.49],[3.43,48.49],[3.42,48.52],[3.41,48.53],[3.41,48.53],[3.41,48.53],[3.45,48.53],[3.45,48.53],[3.48,48.54],[3.48,48.54],[3.47,48.57],[3.47,48.57],[3.5,48.59],[3.52,48.59],[3.51,48.61],[3.56,48.62],[3.56,48.62],[3.54,48.63],[3.52,48.63],[3.53,48.65],[3.53,48.65],[3.51,48.64],[3.49,48.65],[3.45,48.63],[3.46,48.65],[3.44,48.66],[3.44,48.67],[3.47,48.69],[3.46,48.71],[3.47,48.73],[3.47,48.73],[3.47,48.73],[3.47,48.74],[3.44,48.74],[3.44,48.74],[3.44,48.75],[3.44,48.75],[3.43,48.76],[3.41,48.75],[3.4,48.76],[3.4,48.76],[3.41,48.78],[3.41,48.78],[3.44,48.78],[3.44,48.8],[3.42,48.8],[3.41,48.81],[3.42,48.82],[3.42,48.82],[3.43,48.81],[3.47,48.82],[3.47,48.82],[3.48,48.81],[3.48,48.81],[3.48,48.81],[3.49,48.82],[3.49,48.85],[3.49,48.85],[3.49,48.87],[3.49,48.87],[3.49,48.87],[3.5,48.87],[3.5,48.87],[3.52,48.91],[3.52,48.91],[3.55,48.92],[3.57,48.91],[3.57,48.94],[3.59,48.94],[3.59,48.94],[3.6,48.95],[3.59,48.96],[3.59,48.96],[3.62,48.97],[3.62,48.97],[3.64,49],[3.64,49],[3.67,49.01],[3.67,49.01],[3.68,49.02],[3.66,49.04],[3.66,49.04],[3.62,49.04],[3.61,49.03],[3.59,49.04],[3.59,49.04],[3.59,49.06],[3.59,49.06],[3.6,49.07],[3.63,49.07],[3.64,49.08],[3.64,49.08],[3.62,49.11],[3.6,49.12],[3.6,49.12],[3.62,49.15],[3.62,49.15],[3.62,49.15],[3.68,49.15],[3.68,49.15],[3.7,49.15],[3.7,49.15],[3.74,49.16],[3.74,49.16],[3.75,49.16],[3.75,49.18],[3.71,49.18],[3.7,49.2],[3.7,49.2],[3.7,49.2],[3.68,49.21],[3.65,49.21],[3.65,49.22],[3.65,49.22],[3.67,49.22],[3.68,49.24],[3.68,49.24],[3.67,49.24],[3.66,49.27],[3.66,49.27],[3.66,49.29],[3.66,49.29],[3.64,49.3],[3.64,49.3],[3.64,49.3],[3.65,49.32],[3.67,49.32],[3.67,49.32],[3.69,49.33],[3.69,49.33],[3.71,49.33],[3.71,49.33],[3.73,49.33],[3.74,49.34],[3.74,49.34],[3.74,49.34],[3.74,49.35],[3.79,49.35],[3.79,49.36],[3.82,49.36],[3.82,49.36],[3.83,49.35],[3.83,49.35],[3.85,49.34],[3.85,49.36],[3.85,49.36],[3.86,49.38],[3.9,49.39],[3.92,49.41],[3.92,49.41],[3.93,49.4],[3.93,49.4],[3.96,49.38],[3.99,49.38],[4.01,49.36],[4.01,49.36],[4.04,49.36],[4.04,49.4],[4.05,49.41]]]}},{"type":"Feature","properties":{"nom":"Picardie","code":"22"},"geometry":{"type":"Polygon","coordinates":[[[3.49,48.85],[3.46,48.84],[3.46,48.84],[3.45,48.86],[3.45,48.86],[3.4,48.87],[3.4,48.87],[3.38,48.87],[3.38,48.91],[3.37,48.93],[3.33,48.91],[3.31,48.92],[3.31,48.92],[3.3,48.95],[3.3,48.95],[3.27,48.94],[3.27,48.94],[3.26,48.95],[3.26,48.95],[3.26,48.95],[3.26,48.95],[3.25,48.98],[3.23,48.98],[3.22,48.99],[3.22,48.99],[3.2,49.01],[3.17,49.01],[3.16,49.03],[3.18,49.03],[3.19,49.05],[3.19,49.05],[3.18,49.06],[3.18,49.06],[3.16,49.08],[3.16,49.08],[3.17,49.1],[3.12,49.11],[3.12,49.11],[3.12,49.11],[3.08,49.11],[3.07,49.12],[3.06,49.1],[3.06,49.1],[3.06,49.09],[3.06,49.09],[3.03,49.09],[3.03,49.09],[3,49.09],[3,49.09],[2.99,49.07],[2.97,49.07],[2.97,49.09],[2.97,49.09],[2.95,49.09],[2.95,49.09],[2.94,49.08],[2.94,49.08],[2.92,49.08],[2.9,49.09],[2.9,49.08],[2.9,49.08],[2.87,49.07],[2.84,49.08],[2.84,49.08],[2.81,49.1],[2.79,49.09],[2.79,49.09],[2.79,49.08],[2.79,49.08],[2.76,49.06],[2.76,49.06],[2.73,49.06],[2.72,49.08],[2.72,49.08],[2.7,49.06],[2.7,49.06],[2.69,49.07],[2.69,49.07],[2.69,49.07],[2.68,49.09],[2.68,49.09],[2.63,49.11],[2.63,49.11],[2.61,49.09],[2.61,49.09],[2.61,49.09],[2.58,49.08],[2.58,49.08],[2.58,49.09],[2.54,49.12],[2.54,49.12],[2.54,49.12],[2.53,49.1],[2.53,49.1],[2.49,49.11],[2.5,49.12],[2.5,49.12],[2.48,49.13],[2.48,49.13],[2.46,49.14],[2.46,49.14],[2.44,49.14],[2.44,49.14],[2.44,49.14],[2.44,49.15],[2.39,49.15],[2.37,49.16],[2.37,49.16],[2.35,49.15],[2.31,49.19],[2.3,49.18],[2.3,49.18],[2.29,49.16],[2.26,49.16],[2.26,49.16],[2.22,49.15],[2.23,49.17],[2.22,49.18],[2.22,49.18],[2.21,49.17],[2.18,49.17],[2.18,49.17],[2.16,49.17],[2.16,49.17],[2.16,49.17],[2.16,49.18],[2.16,49.18],[2.13,49.19],[2.09,49.19],[2.09,49.21],[2.08,49.21],[2.08,49.21],[2.08,49.21],[2.05,49.2],[2.04,49.19],[2.04,49.19],[2.04,49.19],[2.02,49.19],[2.02,49.19],[2,49.18],[1.97,49.18],[1.97,49.18],[1.96,49.17],[1.96,49.17],[1.93,49.17],[1.88,49.16],[1.88,49.18],[1.87,49.17],[1.87,49.17],[1.84,49.17],[1.84,49.17],[1.8,49.19],[1.79,49.18],[1.79,49.18],[1.79,49.18],[1.78,49.19],[1.78,49.19],[1.76,49.17],[1.74,49.18],[1.74,49.18],[1.72,49.21],[1.74,49.22],[1.74,49.22],[1.74,49.23],[1.71,49.24],[1.7,49.23],[1.7,49.23],[1.7,49.25],[1.7,49.25],[1.71,49.26],[1.71,49.26],[1.71,49.26],[1.73,49.27],[1.75,49.27],[1.75,49.27],[1.79,49.25],[1.79,49.25],[1.79,49.25],[1.8,49.27],[1.8,49.27],[1.8,49.29],[1.78,49.29],[1.78,49.29],[1.77,49.29],[1.77,49.34],[1.76,49.37],[1.76,49.37],[1.75,49.37],[1.72,49.4],[1.74,49.41],[1.74,49.41],[1.72,49.4],[1.71,49.41],[1.73,49.44],[1.73,49.44],[1.74,49.45],[1.74,49.45],[1.75,49.46],[1.75,49.46],[1.78,49.47],[1.78,49.49],[1.78,49.49],[1.79,49.51],[1.76,49.51],[1.74,49.5],[1.72,49.51],[1.72,49.51],[1.74,49.52],[1.75,49.54],[1.72,49.55],[1.73,49.56],[1.73,49.56],[1.73,49.56],[1.72,49.57],[1.72,49.57],[1.71,49.58],[1.71,49.58],[1.72,49.59],[1.72,49.59],[1.72,49.59],[1.69,49.6],[1.72,49.61],[1.72,49.63],[1.72,49.63],[1.7,49.64],[1.7,49.64],[1.7,49.64],[1.71,49.65],[1.71,49.65],[1.72,49.66],[1.72,49.66],[1.72,49.67],[1.75,49.68],[1.75,49.68],[1.75,49.68],[1.75,49.7],[1.75,49.7],[1.73,49.7],[1.72,49.68],[1.69,49.69],[1.72,49.71],[1.72,49.71],[1.74,49.75],[1.74,49.75],[1.75,49.76],[1.78,49.76],[1.78,49.76],[1.78,49.77],[1.78,49.77],[1.76,49.78],[1.76,49.78],[1.75,49.79],[1.75,49.79],[1.73,49.81],[1.73,49.84],[1.73,49.84],[1.73,49.84],[1.72,49.87],[1.71,49.87],[1.71,49.87],[1.71,49.89],[1.71,49.89],[1.69,49.9],[1.69,49.9],[1.69,49.9],[1.68,49.92],[1.65,49.93],[1.65,49.93],[1.62,49.93],[1.6,49.94],[1.56,49.98],[1.56,49.98],[1.53,50],[1.53,50],[1.52,50],[1.5,50.02],[1.49,50.02],[1.49,50.02],[1.45,50.04],[1.46,50.06],[1.46,50.06],[1.45,50.07],[1.42,50.07],[1.42,50.07],[1.4,50.06],[1.38,50.07],[1.41,50.09],[1.45,50.11],[1.47,50.14],[1.48,50.17],[1.51,50.2],[1.56,50.21],[1.59,50.19],[1.63,50.19],[1.68,50.18],[1.66,50.21],[1.62,50.22],[1.59,50.26],[1.55,50.26],[1.54,50.28],[1.55,50.33],[1.55,50.36],[1.63,50.36],[1.64,50.35],[1.64,50.35],[1.65,50.34],[1.65,50.34],[1.66,50.33],[1.66,50.33],[1.69,50.34],[1.69,50.34],[1.69,50.34],[1.73,50.35],[1.73,50.35],[1.76,50.36],[1.76,50.36],[1.79,50.36],[1.79,50.36],[1.8,50.36],[1.8,50.36],[1.82,50.35],[1.82,50.35],[1.85,50.34],[1.85,50.34],[1.85,50.34],[1.88,50.32],[1.89,50.32],[1.89,50.32],[1.92,50.31],[1.94,50.33],[1.96,50.32],[1.96,50.32],[1.96,50.31],[1.93,50.3],[1.95,50.29],[1.95,50.29],[1.96,50.29],[1.96,50.29],[2,50.27],[2,50.27],[2.03,50.27],[2.03,50.27],[2.04,50.26],[2.06,50.26],[2.06,50.26],[2.08,50.25],[2.08,50.25],[2.06,50.24],[2.07,50.23],[2.07,50.23],[2.08,50.22],[2.08,50.22],[2.08,50.2],[2.1,50.21],[2.11,50.2],[2.11,50.2],[2.14,50.21],[2.15,50.19],[2.15,50.19],[2.17,50.21],[2.18,50.21],[2.18,50.21],[2.2,50.21],[2.2,50.21],[2.22,50.22],[2.23,50.21],[2.23,50.21],[2.25,50.21],[2.27,50.23],[2.29,50.22],[2.29,50.22],[2.3,50.21],[2.3,50.21],[2.33,50.22],[2.33,50.22],[2.32,50.23],[2.32,50.23],[2.33,50.24],[2.33,50.24],[2.33,50.24],[2.36,50.21],[2.36,50.21],[2.37,50.21],[2.37,50.21],[2.38,50.23],[2.38,50.23],[2.45,50.23],[2.45,50.23],[2.46,50.22],[2.46,50.22],[2.46,50.21],[2.49,50.21],[2.49,50.2],[2.49,50.2],[2.49,50.19],[2.49,50.19],[2.47,50.19],[2.47,50.19],[2.45,50.18],[2.45,50.18],[2.42,50.17],[2.42,50.17],[2.42,50.17],[2.41,50.16],[2.41,50.16],[2.4,50.16],[2.4,50.16],[2.4,50.16],[2.39,50.14],[2.39,50.14],[2.38,50.11],[2.41,50.1],[2.41,50.1],[2.42,50.09],[2.42,50.09],[2.43,50.09],[2.45,50.12],[2.45,50.12],[2.45,50.12],[2.46,50.13],[2.46,50.13],[2.47,50.14],[2.51,50.14],[2.51,50.14],[2.53,50.12],[2.55,50.12],[2.55,50.12],[2.55,50.14],[2.55,50.14],[2.58,50.14],[2.58,50.14],[2.59,50.14],[2.57,50.12],[2.57,50.12],[2.57,50.12],[2.59,50.11],[2.59,50.11],[2.63,50.11],[2.63,50.11],[2.63,50.11],[2.64,50.1],[2.64,50.1],[2.68,50.1],[2.7,50.08],[2.7,50.08],[2.72,50.09],[2.72,50.09],[2.72,50.09],[2.7,50.1],[2.71,50.11],[2.71,50.13],[2.73,50.13],[2.73,50.13],[2.75,50.11],[2.78,50.11],[2.78,50.11],[2.78,50.1],[2.78,50.1],[2.78,50.09],[2.78,50.09],[2.76,50.07],[2.76,50.07],[2.75,50.04],[2.75,50.04],[2.78,50.04],[2.81,50.06],[2.81,50.06],[2.83,50.06],[2.86,50.08],[2.86,50.06],[2.86,50.06],[2.86,50.06],[2.88,50.04],[2.86,50.03],[2.86,50.03],[2.88,50.03],[2.88,50.03],[2.88,50.03],[2.92,50.04],[2.92,50.04],[2.94,50.05],[2.94,50.05],[2.94,50.05],[2.96,50.05],[2.96,50.05],[2.97,50.04],[2.99,50.05],[2.99,50.05],[3.01,50.05],[3.01,50.06],[3.03,50.06],[3.03,50.06],[3.06,50.05],[3.06,50.05],[3.07,50.05],[3.07,50.05],[3.09,50.05],[3.09,50.05],[3.1,50.05],[3.12,50.02],[3.15,50.03],[3.17,50.02],[3.17,50.02],[3.17,50.01],[3.23,50.03],[3.23,50.03],[3.24,50.03],[3.24,50.03],[3.26,50.03],[3.26,50.03],[3.26,50.03],[3.27,50.03],[3.27,50.03],[3.28,50.02],[3.28,50.02],[3.3,50.02],[3.3,50.02],[3.34,50.02],[3.35,50.03],[3.35,50.03],[3.37,50.04],[3.39,50.03],[3.39,50.03],[3.42,50.03],[3.42,50.03],[3.43,50.02],[3.43,50.02],[3.49,50.02],[3.51,50.03],[3.51,50.03],[3.54,50.05],[3.58,50.05],[3.58,50.05],[3.61,50.03],[3.61,50.03],[3.61,50.03],[3.63,50.03],[3.63,50.03],[3.66,50.04],[3.66,50.04],[3.67,50.06],[3.71,50.07],[3.71,50.07],[3.74,50.06],[3.75,50.05],[3.78,50.05],[3.78,50.05],[3.82,50.04],[3.84,50.05],[3.88,50.03],[3.88,50.03],[3.88,50.03],[3.89,50.01],[3.89,50.01],[3.92,50.02],[3.92,50.03],[3.95,50.03],[3.95,50.03],[3.99,50.04],[3.99,50.04],[4,50.03],[3.98,50],[3.99,49.99],[4.01,50],[4.03,49.98],[4.03,49.98],[4.04,49.99],[4.08,49.97],[4.1,49.97],[4.1,49.97],[4.14,49.98],[4.14,49.98],[4.15,49.98],[4.2,49.97],[4.2,49.95],[4.23,49.96],[4.23,49.96],[4.23,49.96],[4.22,49.93],[4.22,49.91],[4.25,49.89],[4.25,49.86],[4.25,49.86],[4.25,49.86],[4.23,49.85],[4.23,49.83],[4.21,49.81],[4.23,49.79],[4.21,49.78],[4.21,49.78],[4.21,49.77],[4.21,49.77],[4.24,49.77],[4.25,49.76],[4.23,49.75],[4.23,49.73],[4.23,49.73],[4.23,49.73],[4.19,49.72],[4.18,49.7],[4.18,49.7],[4.16,49.69],[4.16,49.69],[4.15,49.69],[4.15,49.69],[4.13,49.68],[4.12,49.66],[4.12,49.63],[4.07,49.64],[4.05,49.63],[4.04,49.64],[4.03,49.61],[4.06,49.6],[4.06,49.59],[4.06,49.59],[4.06,49.57],[4.08,49.57],[4.06,49.55],[4.05,49.55],[4.05,49.55],[4.08,49.54],[4.08,49.52],[4.06,49.52],[4.06,49.51],[4.04,49.51],[4.04,49.51],[4.04,49.48],[4.04,49.48],[4.04,49.48],[4.06,49.45],[4.06,49.45],[4.04,49.44],[4.04,49.44],[4.05,49.41],[4.05,49.41],[4.04,49.4],[4.04,49.36],[4.01,49.36],[4.01,49.36],[3.99,49.38],[3.96,49.38],[3.93,49.4],[3.93,49.4],[3.92,49.41],[3.92,49.41],[3.9,49.39],[3.86,49.38],[3.85,49.36],[3.85,49.36],[3.85,49.34],[3.83,49.35],[3.83,49.35],[3.82,49.36],[3.82,49.36],[3.79,49.36],[3.79,49.35],[3.74,49.35],[3.74,49.34],[3.74,49.34],[3.74,49.34],[3.73,49.33],[3.71,49.33],[3.71,49.33],[3.69,49.33],[3.69,49.33],[3.67,49.32],[3.67,49.32],[3.65,49.32],[3.64,49.3],[3.64,49.3],[3.64,49.3],[3.66,49.29],[3.66,49.29],[3.66,49.27],[3.66,49.27],[3.67,49.24],[3.68,49.24],[3.68,49.24],[3.67,49.22],[3.65,49.22],[3.65,49.22],[3.65,49.21],[3.68,49.21],[3.7,49.2],[3.7,49.2],[3.7,49.2],[3.71,49.18],[3.75,49.18],[3.75,49.16],[3.74,49.16],[3.74,49.16],[3.7,49.15],[3.7,49.15],[3.68,49.15],[3.68,49.15],[3.62,49.15],[3.62,49.15],[3.62,49.15],[3.6,49.12],[3.6,49.12],[3.62,49.11],[3.64,49.08],[3.64,49.08],[3.63,49.07],[3.6,49.07],[3.59,49.06],[3.59,49.06],[3.59,49.04],[3.59,49.04],[3.61,49.03],[3.62,49.04],[3.66,49.04],[3.66,49.04],[3.68,49.02],[3.67,49.01],[3.67,49.01],[3.64,49],[3.64,49],[3.62,48.97],[3.62,48.97],[3.59,48.96],[3.59,48.96],[3.6,48.95],[3.59,48.94],[3.59,48.94],[3.57,48.94],[3.57,48.91],[3.55,48.92],[3.52,48.91],[3.52,48.91],[3.5,48.87],[3.5,48.87],[3.49,48.87],[3.49,48.87],[3.49,48.87],[3.49,48.85]]]}},{"type":"Feature","properties":{"nom":"Haute-Normandie","code":"23"},"geometry":{"type":"Polygon","coordinates":[[[0.81,48.67],[0.81,48.67],[0.78,48.67],[0.78,48.67],[0.76,48.68],[0.77,48.69],[0.77,48.69],[0.77,48.7],[0.73,48.7],[0.73,48.71],[0.73,48.71],[0.76,48.72],[0.77,48.74],[0.75,48.76],[0.76,48.77],[0.76,48.77],[0.73,48.79],[0.71,48.79],[0.71,48.79],[0.7,48.79],[0.7,48.79],[0.69,48.79],[0.66,48.81],[0.66,48.81],[0.63,48.83],[0.61,48.83],[0.62,48.85],[0.61,48.86],[0.61,48.86],[0.61,48.88],[0.59,48.87],[0.6,48.89],[0.57,48.89],[0.55,48.88],[0.55,48.87],[0.52,48.88],[0.52,48.88],[0.47,48.89],[0.44,48.88],[0.44,48.88],[0.39,48.91],[0.39,48.91],[0.39,48.93],[0.4,48.93],[0.4,48.93],[0.41,48.95],[0.43,48.97],[0.43,48.97],[0.43,48.98],[0.43,48.98],[0.43,49],[0.43,49],[0.44,49.01],[0.44,49.01],[0.45,49.02],[0.41,49.03],[0.41,49.03],[0.37,49.05],[0.37,49.05],[0.38,49.07],[0.38,49.07],[0.41,49.08],[0.42,49.07],[0.42,49.09],[0.4,49.1],[0.4,49.1],[0.41,49.12],[0.41,49.12],[0.41,49.12],[0.41,49.13],[0.43,49.14],[0.43,49.14],[0.41,49.15],[0.41,49.15],[0.39,49.15],[0.39,49.15],[0.39,49.21],[0.39,49.21],[0.34,49.23],[0.34,49.23],[0.32,49.25],[0.38,49.26],[0.38,49.26],[0.38,49.29],[0.38,49.29],[0.36,49.3],[0.32,49.28],[0.31,49.29],[0.32,49.31],[0.3,49.31],[0.3,49.31],[0.32,49.34],[0.3,49.37],[0.3,49.37],[0.31,49.39],[0.31,49.39],[0.3,49.41],[0.3,49.43],[0.34,49.43],[0.34,49.44],[0.29,49.44],[0.29,49.45],[0.2,49.45],[0.15,49.47],[0.11,49.47],[0.09,49.48],[0.09,49.5],[0.07,49.51],[0.07,49.52],[0.11,49.59],[0.13,49.61],[0.16,49.67],[0.16,49.69],[0.18,49.69],[0.18,49.7],[0.22,49.72],[0.24,49.72],[0.29,49.74],[0.32,49.74],[0.35,49.75],[0.37,49.77],[0.39,49.77],[0.43,49.79],[0.56,49.84],[0.56,49.85],[0.6,49.85],[0.61,49.86],[0.65,49.86],[0.66,49.87],[0.76,49.87],[0.83,49.89],[0.9,49.9],[0.96,49.92],[1.04,49.92],[1.09,49.94],[1.12,49.94],[1.16,49.96],[1.2,49.97],[1.23,49.99],[1.26,50],[1.33,50.05],[1.37,50.06],[1.38,50.07],[1.4,50.06],[1.42,50.07],[1.42,50.07],[1.45,50.07],[1.46,50.06],[1.46,50.06],[1.45,50.04],[1.49,50.02],[1.49,50.02],[1.5,50.02],[1.52,50],[1.53,50],[1.53,50],[1.56,49.98],[1.56,49.98],[1.6,49.94],[1.62,49.93],[1.65,49.93],[1.65,49.93],[1.68,49.92],[1.69,49.9],[1.69,49.9],[1.69,49.9],[1.71,49.89],[1.71,49.89],[1.71,49.87],[1.71,49.87],[1.72,49.87],[1.73,49.84],[1.73,49.84],[1.73,49.84],[1.73,49.81],[1.75,49.79],[1.75,49.79],[1.76,49.78],[1.76,49.78],[1.78,49.77],[1.78,49.77],[1.78,49.76],[1.78,49.76],[1.75,49.76],[1.74,49.75],[1.74,49.75],[1.72,49.71],[1.72,49.71],[1.69,49.69],[1.72,49.68],[1.73,49.7],[1.75,49.7],[1.75,49.7],[1.75,49.68],[1.75,49.68],[1.75,49.68],[1.72,49.67],[1.72,49.66],[1.72,49.66],[1.71,49.65],[1.71,49.65],[1.7,49.64],[1.7,49.64],[1.7,49.64],[1.72,49.63],[1.72,49.63],[1.72,49.61],[1.69,49.6],[1.72,49.59],[1.72,49.59],[1.72,49.59],[1.71,49.58],[1.71,49.58],[1.72,49.57],[1.72,49.57],[1.73,49.56],[1.73,49.56],[1.73,49.56],[1.72,49.55],[1.75,49.54],[1.74,49.52],[1.72,49.51],[1.72,49.51],[1.74,49.5],[1.76,49.51],[1.79,49.51],[1.78,49.49],[1.78,49.49],[1.78,49.47],[1.75,49.46],[1.75,49.46],[1.74,49.45],[1.74,49.45],[1.73,49.44],[1.73,49.44],[1.71,49.41],[1.72,49.4],[1.74,49.41],[1.74,49.41],[1.72,49.4],[1.75,49.37],[1.76,49.37],[1.76,49.37],[1.77,49.34],[1.77,49.29],[1.78,49.29],[1.78,49.29],[1.8,49.29],[1.8,49.27],[1.8,49.27],[1.79,49.25],[1.79,49.25],[1.79,49.25],[1.75,49.27],[1.75,49.27],[1.73,49.27],[1.71,49.26],[1.71,49.26],[1.71,49.26],[1.7,49.25],[1.7,49.25],[1.7,49.23],[1.7,49.23],[1.7,49.23],[1.68,49.21],[1.67,49.19],[1.67,49.19],[1.67,49.18],[1.67,49.18],[1.66,49.15],[1.66,49.15],[1.65,49.13],[1.65,49.13],[1.65,49.12],[1.62,49.1],[1.62,49.08],[1.61,49.08],[1.61,49.08],[1.59,49.08],[1.59,49.08],[1.57,49.07],[1.52,49.07],[1.52,49.07],[1.51,49.08],[1.51,49.08],[1.5,49.06],[1.5,49.06],[1.48,49.05],[1.46,49.06],[1.45,49.05],[1.45,49.05],[1.46,49.03],[1.46,49.03],[1.47,49.02],[1.47,49.02],[1.48,49.01],[1.48,49.01],[1.48,49.01],[1.46,48.99],[1.47,48.97],[1.48,48.98],[1.51,48.98],[1.51,48.98],[1.51,48.98],[1.5,48.97],[1.51,48.95],[1.51,48.95],[1.5,48.94],[1.5,48.94],[1.46,48.94],[1.46,48.93],[1.46,48.93],[1.45,48.92],[1.45,48.92],[1.47,48.9],[1.47,48.88],[1.45,48.87],[1.45,48.87],[1.45,48.87],[1.42,48.86],[1.42,48.86],[1.4,48.86],[1.4,48.86],[1.39,48.84],[1.36,48.83],[1.37,48.8],[1.37,48.8],[1.37,48.8],[1.37,48.8],[1.38,48.79],[1.36,48.78],[1.36,48.78],[1.36,48.78],[1.35,48.78],[1.33,48.76],[1.31,48.76],[1.31,48.76],[1.3,48.77],[1.27,48.76],[1.27,48.76],[1.25,48.76],[1.25,48.77],[1.25,48.77],[1.22,48.77],[1.22,48.76],[1.22,48.76],[1.22,48.76],[1.19,48.77],[1.16,48.77],[1.16,48.77],[1.15,48.79],[1.15,48.79],[1.12,48.79],[1.12,48.79],[1.11,48.75],[1.11,48.75],[1.07,48.75],[1.06,48.76],[1.06,48.76],[1.04,48.74],[1.04,48.73],[1.02,48.73],[1.02,48.73],[0.98,48.73],[0.98,48.73],[0.92,48.71],[0.92,48.71],[0.88,48.72],[0.85,48.68],[0.82,48.68],[0.81,48.67]]]}},{"type":"Feature","properties":{"nom":"Centre-Val de Loire","code":"24"},"geometry":{"type":"Polygon","coordinates":[[[2.28,46.42],[2.28,46.42],[2.25,46.43],[2.25,46.43],[2.22,46.42],[2.19,46.43],[2.18,46.42],[2.18,46.42],[2.12,46.42],[2.09,46.41],[2.09,46.41],[2.06,46.42],[2.06,46.42],[2.03,46.42],[2.03,46.43],[1.99,46.43],[1.99,46.44],[1.99,46.44],[1.98,46.44],[1.98,46.44],[1.93,46.43],[1.9,46.44],[1.9,46.44],[1.88,46.43],[1.88,46.43],[1.82,46.43],[1.8,46.45],[1.8,46.45],[1.78,46.46],[1.75,46.45],[1.75,46.45],[1.75,46.45],[1.76,46.44],[1.76,46.44],[1.75,46.41],[1.75,46.41],[1.73,46.39],[1.73,46.39],[1.71,46.39],[1.68,46.42],[1.68,46.42],[1.66,46.4],[1.66,46.4],[1.63,46.39],[1.61,46.4],[1.62,46.42],[1.6,46.42],[1.59,46.41],[1.57,46.41],[1.57,46.41],[1.55,46.4],[1.53,46.43],[1.46,46.38],[1.44,46.36],[1.44,46.36],[1.41,46.35],[1.4,46.37],[1.4,46.37],[1.39,46.37],[1.36,46.4],[1.36,46.4],[1.34,46.4],[1.34,46.4],[1.31,46.38],[1.31,46.37],[1.28,46.37],[1.28,46.38],[1.25,46.38],[1.24,46.37],[1.21,46.37],[1.21,46.39],[1.21,46.39],[1.19,46.38],[1.19,46.38],[1.19,46.38],[1.18,46.38],[1.18,46.38],[1.2,46.4],[1.19,46.41],[1.21,46.43],[1.21,46.43],[1.2,46.43],[1.2,46.43],[1.17,46.45],[1.15,46.45],[1.14,46.5],[1.15,46.5],[1.15,46.5],[1.15,46.51],[1.12,46.52],[1.12,46.52],[1.09,46.54],[1.02,46.54],[1.02,46.54],[1.01,46.57],[1.01,46.57],[0.96,46.57],[0.94,46.58],[0.89,46.63],[0.92,46.65],[0.91,46.67],[0.91,46.67],[0.9,46.68],[0.93,46.69],[0.92,46.7],[0.92,46.7],[0.9,46.74],[0.87,46.75],[0.87,46.75],[0.86,46.76],[0.86,46.76],[0.84,46.76],[0.83,46.79],[0.81,46.79],[0.82,46.81],[0.81,46.82],[0.81,46.82],[0.79,46.83],[0.8,46.85],[0.8,46.85],[0.77,46.85],[0.77,46.86],[0.77,46.86],[0.74,46.87],[0.74,46.87],[0.73,46.89],[0.7,46.9],[0.7,46.91],[0.7,46.91],[0.71,46.94],[0.7,46.96],[0.7,46.96],[0.7,46.97],[0.66,46.98],[0.65,46.99],[0.62,46.99],[0.62,47],[0.62,47],[0.62,47.01],[0.59,47.01],[0.59,47.01],[0.57,47],[0.57,47],[0.57,46.99],[0.57,46.99],[0.57,46.98],[0.6,46.97],[0.6,46.96],[0.6,46.96],[0.55,46.96],[0.55,46.96],[0.51,46.96],[0.51,46.96],[0.49,46.95],[0.44,46.94],[0.44,46.94],[0.38,46.94],[0.36,46.95],[0.35,46.94],[0.32,46.93],[0.3,46.96],[0.3,46.96],[0.31,46.98],[0.29,46.99],[0.31,47],[0.31,47],[0.3,47.02],[0.31,47.03],[0.31,47.03],[0.31,47.05],[0.27,47.04],[0.26,47.05],[0.26,47.07],[0.24,47.07],[0.24,47.07],[0.21,47.05],[0.18,47.06],[0.18,47.06],[0.18,47.06],[0.19,47.09],[0.18,47.11],[0.18,47.11],[0.16,47.1],[0.16,47.1],[0.13,47.11],[0.13,47.12],[0.13,47.12],[0.11,47.13],[0.1,47.12],[0.08,47.12],[0.08,47.13],[0.08,47.13],[0.05,47.16],[0.06,47.19],[0.05,47.2],[0.07,47.21],[0.07,47.21],[0.07,47.24],[0.08,47.25],[0.08,47.27],[0.08,47.27],[0.09,47.28],[0.09,47.28],[0.08,47.29],[0.12,47.33],[0.12,47.33],[0.14,47.34],[0.14,47.34],[0.14,47.36],[0.14,47.36],[0.15,47.36],[0.18,47.38],[0.16,47.4],[0.19,47.43],[0.18,47.43],[0.18,47.46],[0.2,47.48],[0.2,47.48],[0.2,47.49],[0.22,47.5],[0.22,47.53],[0.21,47.53],[0.21,47.53],[0.2,47.54],[0.21,47.57],[0.23,47.58],[0.23,47.58],[0.23,47.61],[0.23,47.61],[0.26,47.61],[0.28,47.6],[0.32,47.6],[0.34,47.58],[0.34,47.58],[0.37,47.57],[0.4,47.58],[0.4,47.58],[0.4,47.59],[0.4,47.59],[0.36,47.62],[0.38,47.64],[0.38,47.64],[0.4,47.64],[0.43,47.62],[0.43,47.62],[0.45,47.62],[0.46,47.64],[0.46,47.64],[0.49,47.65],[0.5,47.64],[0.52,47.66],[0.53,47.65],[0.56,47.66],[0.56,47.67],[0.56,47.67],[0.59,47.67],[0.61,47.69],[0.61,47.69],[0.6,47.69],[0.6,47.69],[0.58,47.71],[0.58,47.71],[0.61,47.73],[0.61,47.73],[0.61,47.73],[0.62,47.75],[0.65,47.75],[0.65,47.75],[0.67,47.77],[0.67,47.77],[0.69,47.76],[0.7,47.77],[0.69,47.78],[0.71,47.79],[0.71,47.79],[0.73,47.81],[0.73,47.81],[0.76,47.83],[0.76,47.83],[0.77,47.83],[0.77,47.85],[0.77,47.85],[0.76,47.86],[0.76,47.9],[0.76,47.9],[0.79,47.91],[0.79,47.91],[0.82,47.89],[0.81,47.92],[0.85,47.94],[0.85,47.94],[0.84,47.97],[0.82,47.98],[0.82,47.99],[0.84,48.01],[0.84,48.03],[0.81,48.03],[0.79,48.05],[0.79,48.07],[0.84,48.07],[0.84,48.07],[0.85,48.09],[0.82,48.09],[0.84,48.1],[0.84,48.1],[0.86,48.12],[0.85,48.13],[0.91,48.14],[0.91,48.14],[0.91,48.15],[0.91,48.15],[0.86,48.17],[0.84,48.17],[0.84,48.17],[0.83,48.17],[0.83,48.17],[0.8,48.19],[0.8,48.19],[0.81,48.2],[0.81,48.2],[0.83,48.21],[0.79,48.26],[0.79,48.27],[0.79,48.27],[0.8,48.29],[0.8,48.29],[0.76,48.3],[0.76,48.3],[0.76,48.3],[0.77,48.32],[0.77,48.32],[0.78,48.33],[0.78,48.33],[0.79,48.34],[0.79,48.34],[0.79,48.34],[0.81,48.35],[0.82,48.34],[0.84,48.35],[0.84,48.35],[0.9,48.37],[0.9,48.37],[0.91,48.37],[0.93,48.39],[0.95,48.4],[0.95,48.42],[0.97,48.44],[0.97,48.44],[0.94,48.46],[0.94,48.47],[0.94,48.47],[0.96,48.49],[0.96,48.49],[0.95,48.5],[0.97,48.52],[0.97,48.52],[0.93,48.53],[0.92,48.54],[0.94,48.55],[0.91,48.57],[0.87,48.57],[0.85,48.59],[0.85,48.61],[0.82,48.61],[0.83,48.63],[0.83,48.63],[0.82,48.64],[0.82,48.64],[0.82,48.65],[0.82,48.65],[0.81,48.67],[0.82,48.68],[0.85,48.68],[0.88,48.72],[0.92,48.71],[0.92,48.71],[0.98,48.73],[0.98,48.73],[1.02,48.73],[1.02,48.73],[1.04,48.73],[1.04,48.74],[1.06,48.76],[1.06,48.76],[1.07,48.75],[1.11,48.75],[1.11,48.75],[1.12,48.79],[1.12,48.79],[1.15,48.79],[1.15,48.79],[1.16,48.77],[1.16,48.77],[1.19,48.77],[1.22,48.76],[1.22,48.76],[1.22,48.76],[1.22,48.77],[1.25,48.77],[1.25,48.77],[1.25,48.76],[1.27,48.76],[1.27,48.76],[1.3,48.77],[1.31,48.76],[1.31,48.76],[1.33,48.76],[1.35,48.78],[1.36,48.78],[1.36,48.78],[1.36,48.78],[1.38,48.79],[1.37,48.8],[1.37,48.8],[1.37,48.8],[1.37,48.8],[1.36,48.83],[1.39,48.84],[1.4,48.86],[1.4,48.86],[1.42,48.86],[1.42,48.86],[1.45,48.87],[1.45,48.87],[1.45,48.87],[1.47,48.88],[1.47,48.9],[1.45,48.92],[1.45,48.92],[1.46,48.93],[1.46,48.93],[1.46,48.94],[1.5,48.94],[1.5,48.94],[1.5,48.94],[1.51,48.93],[1.51,48.93],[1.51,48.92],[1.54,48.92],[1.54,48.92],[1.54,48.92],[1.54,48.91],[1.54,48.91],[1.56,48.89],[1.56,48.89],[1.56,48.89],[1.55,48.87],[1.55,48.87],[1.58,48.86],[1.58,48.84],[1.58,48.84],[1.59,48.84],[1.59,48.84],[1.59,48.84],[1.58,48.81],[1.58,48.81],[1.58,48.79],[1.59,48.77],[1.58,48.76],[1.61,48.76],[1.62,48.74],[1.62,48.74],[1.62,48.74],[1.59,48.71],[1.59,48.71],[1.58,48.7],[1.58,48.7],[1.58,48.7],[1.61,48.69],[1.61,48.69],[1.61,48.68],[1.61,48.68],[1.6,48.66],[1.65,48.64],[1.65,48.64],[1.66,48.62],[1.66,48.62],[1.69,48.61],[1.69,48.61],[1.69,48.61],[1.72,48.61],[1.72,48.61],[1.7,48.59],[1.71,48.58],[1.71,48.58],[1.73,48.57],[1.75,48.58],[1.76,48.56],[1.78,48.56],[1.78,48.55],[1.78,48.55],[1.78,48.51],[1.79,48.49],[1.79,48.49],[1.79,48.49],[1.8,48.47],[1.83,48.47],[1.84,48.46],[1.84,48.46],[1.86,48.45],[1.86,48.44],[1.88,48.44],[1.88,48.44],[1.9,48.44],[1.92,48.46],[1.93,48.45],[1.93,48.45],[1.94,48.44],[1.94,48.44],[1.94,48.44],[1.93,48.4],[1.96,48.41],[1.98,48.4],[1.97,48.38],[1.97,48.38],[1.98,48.38],[1.98,48.36],[1.97,48.34],[1.98,48.31],[1.96,48.31],[1.96,48.3],[1.98,48.29],[1.98,48.29],[1.99,48.29],[1.99,48.29],[2.05,48.29],[2.05,48.3],[2.09,48.29],[2.11,48.31],[2.11,48.31],[2.11,48.3],[2.11,48.3],[2.16,48.3],[2.16,48.3],[2.15,48.31],[2.15,48.31],[2.18,48.31],[2.18,48.31],[2.18,48.32],[2.21,48.34],[2.21,48.34],[2.24,48.32],[2.24,48.32],[2.25,48.32],[2.25,48.3],[2.25,48.3],[2.25,48.3],[2.25,48.3],[2.27,48.32],[2.3,48.31],[2.3,48.31],[2.31,48.33],[2.33,48.33],[2.33,48.33],[2.37,48.31],[2.4,48.32],[2.4,48.32],[2.42,48.3],[2.42,48.3],[2.42,48.26],[2.44,48.25],[2.44,48.25],[2.44,48.25],[2.48,48.25],[2.48,48.24],[2.48,48.24],[2.51,48.24],[2.52,48.23],[2.51,48.21],[2.52,48.2],[2.52,48.2],[2.52,48.19],[2.52,48.19],[2.51,48.18],[2.51,48.16],[2.51,48.16],[2.48,48.16],[2.48,48.16],[2.47,48.15],[2.47,48.15],[2.44,48.13],[2.44,48.13],[2.46,48.12],[2.46,48.13],[2.52,48.13],[2.52,48.13],[2.52,48.13],[2.53,48.14],[2.57,48.14],[2.57,48.14],[2.58,48.13],[2.64,48.14],[2.66,48.12],[2.66,48.12],[2.68,48.13],[2.71,48.12],[2.72,48.14],[2.75,48.14],[2.75,48.16],[2.78,48.17],[2.78,48.17],[2.8,48.17],[2.81,48.16],[2.81,48.16],[2.8,48.14],[2.8,48.14],[2.82,48.13],[2.82,48.13],[2.82,48.13],[2.87,48.16],[2.87,48.16],[2.9,48.16],[2.9,48.16],[2.94,48.16],[2.96,48.15],[2.99,48.15],[3,48.14],[3,48.14],[3.02,48.14],[3.02,48.14],[3.03,48.13],[3.02,48.12],[3.04,48.12],[3.04,48.09],[3.05,48.09],[3.05,48.09],[3.05,48.07],[3.08,48.06],[3.09,48.05],[3.09,48.05],[3.12,48.03],[3.12,48.03],[3.12,48.03],[3.1,48.02],[3.1,48.02],[3.12,48.01],[3.13,47.97],[3.11,47.96],[3.08,47.93],[3.06,47.93],[3.05,47.91],[3.01,47.9],[3.01,47.9],[3.01,47.88],[2.99,47.87],[3.02,47.86],[3.02,47.86],[3.03,47.84],[3.03,47.84],[3.01,47.83],[3.01,47.83],[3.02,47.81],[3.02,47.81],[3.02,47.81],[3.02,47.81],[3.03,47.8],[3.02,47.79],[3.02,47.79],[2.99,47.79],[2.98,47.78],[2.98,47.78],[2.95,47.77],[2.95,47.77],[2.93,47.76],[2.91,47.77],[2.91,47.77],[2.9,47.76],[2.85,47.76],[2.86,47.75],[2.85,47.73],[2.85,47.73],[2.85,47.72],[2.85,47.72],[2.86,47.71],[2.88,47.72],[2.88,47.7],[2.88,47.7],[2.89,47.7],[2.89,47.7],[2.92,47.68],[2.93,47.66],[2.94,47.66],[2.94,47.66],[2.95,47.65],[2.95,47.65],[2.94,47.64],[2.94,47.64],[2.93,47.63],[2.93,47.63],[2.94,47.6],[2.96,47.59],[2.96,47.57],[2.97,47.57],[2.97,47.57],[2.95,47.56],[2.91,47.57],[2.91,47.56],[2.91,47.56],[2.91,47.56],[2.88,47.55],[2.88,47.55],[2.85,47.54],[2.85,47.54],[2.89,47.51],[2.89,47.51],[2.89,47.5],[2.89,47.5],[2.9,47.49],[2.9,47.49],[2.92,47.46],[2.92,47.46],[2.92,47.46],[2.93,47.44],[2.92,47.41],[2.92,47.41],[2.89,47.37],[2.89,47.37],[2.88,47.35],[2.88,47.35],[2.87,47.33],[2.89,47.31],[2.91,47.31],[2.91,47.31],[2.92,47.3],[2.97,47.27],[2.98,47.26],[2.98,47.26],[2.98,47.23],[2.99,47.21],[2.99,47.21],[3,47.2],[3,47.2],[3.02,47.16],[3.02,47.16],[3.02,47.16],[3.02,47.13],[3.03,47.13],[3.03,47.11],[3.03,47.11],[3.03,47.11],[3.02,47.06],[3.05,47.05],[3.05,47.05],[3.06,47.05],[3.06,47.05],[3.07,47.03],[3.07,47.03],[3.07,47],[3.07,47],[3.06,46.98],[3.08,46.96],[3.08,46.96],[3.07,46.94],[3.07,46.94],[3.06,46.94],[3.05,46.91],[3.06,46.9],[3.06,46.9],[3.06,46.89],[3.06,46.89],[3.07,46.85],[3.05,46.84],[3.06,46.83],[3.06,46.83],[3.06,46.83],[3.04,46.81],[3.04,46.81],[3.03,46.79],[3.03,46.79],[3.02,46.8],[2.96,46.8],[2.94,46.79],[2.94,46.79],[2.94,46.8],[2.91,46.79],[2.91,46.78],[2.91,46.78],[2.88,46.77],[2.88,46.76],[2.84,46.74],[2.84,46.74],[2.82,46.74],[2.77,46.72],[2.77,46.72],[2.76,46.72],[2.76,46.72],[2.74,46.73],[2.73,46.75],[2.73,46.75],[2.7,46.74],[2.7,46.72],[2.68,46.7],[2.66,46.7],[2.65,46.69],[2.62,46.69],[2.63,46.67],[2.63,46.67],[2.61,46.66],[2.61,46.67],[2.57,46.66],[2.57,46.66],[2.59,46.65],[2.59,46.65],[2.6,46.64],[2.58,46.63],[2.59,46.62],[2.57,46.61],[2.57,46.61],[2.58,46.59],[2.6,46.6],[2.61,46.57],[2.61,46.57],[2.61,46.55],[2.54,46.52],[2.54,46.52],[2.52,46.53],[2.48,46.53],[2.48,46.53],[2.45,46.52],[2.43,46.53],[2.41,46.52],[2.36,46.52],[2.32,46.49],[2.33,46.48],[2.33,46.48],[2.32,46.47],[2.32,46.47],[2.31,46.48],[2.28,46.45],[2.28,46.42]]]}},{"type":"Feature","properties":{"nom":"Basse-Normandie","code":"25"},"geometry":{"type":"MultiPolygon","coordinates":[[[[-0.86,48.5],[-0.86,48.5],[-0.9,48.49],[-0.95,48.52],[-0.97,48.49],[-1.01,48.49],[-1.06,48.52],[-1.07,48.51],[-1.1,48.51],[-1.12,48.52],[-1.12,48.52],[-1.16,48.52],[-1.19,48.53],[-1.19,48.53],[-1.21,48.54],[-1.21,48.54],[-1.25,48.54],[-1.25,48.54],[-1.25,48.54],[-1.27,48.53],[-1.27,48.53],[-1.28,48.51],[-1.28,48.51],[-1.29,48.51],[-1.29,48.51],[-1.32,48.5],[-1.32,48.5],[-1.33,48.49],[-1.33,48.49],[-1.34,48.49],[-1.35,48.47],[-1.37,48.46],[-1.4,48.46],[-1.4,48.46],[-1.43,48.46],[-1.45,48.49],[-1.47,48.49],[-1.47,48.49],[-1.49,48.49],[-1.49,48.49],[-1.5,48.51],[-1.5,48.51],[-1.5,48.51],[-1.52,48.53],[-1.52,48.53],[-1.53,48.55],[-1.52,48.57],[-1.53,48.58],[-1.53,48.58],[-1.54,48.58],[-1.54,48.6],[-1.55,48.61],[-1.55,48.61],[-1.57,48.61],[-1.57,48.63],[-1.52,48.63],[-1.52,48.62],[-1.45,48.62],[-1.43,48.64],[-1.37,48.64],[-1.35,48.63],[-1.36,48.65],[-1.39,48.65],[-1.4,48.66],[-1.37,48.69],[-1.43,48.67],[-1.44,48.66],[-1.49,48.69],[-1.51,48.69],[-1.52,48.72],[-1.53,48.73],[-1.56,48.73],[-1.57,48.74],[-1.57,48.82],[-1.61,48.83],[-1.61,48.84],[-1.59,48.84],[-1.58,48.86],[-1.56,48.93],[-1.56,48.91],[-1.55,48.91],[-1.54,48.93],[-1.56,48.94],[-1.56,49.02],[-1.51,49.03],[-1.56,49.04],[-1.58,49.02],[-1.58,49],[-1.6,49.03],[-1.61,49.07],[-1.61,49.11],[-1.59,49.13],[-1.6,49.14],[-1.6,49.19],[-1.61,49.19],[-1.61,49.22],[-1.57,49.22],[-1.59,49.23],[-1.62,49.23],[-1.63,49.21],[-1.65,49.23],[-1.66,49.26],[-1.68,49.28],[-1.66,49.29],[-1.69,49.29],[-1.71,49.32],[-1.68,49.33],[-1.72,49.33],[-1.76,49.36],[-1.77,49.38],[-1.79,49.37],[-1.81,49.37],[-1.82,49.4],[-1.82,49.44],[-1.83,49.47],[-1.85,49.47],[-1.85,49.51],[-1.87,49.51],[-1.89,49.54],[-1.86,49.55],[-1.84,49.57],[-1.84,49.61],[-1.86,49.65],[-1.89,49.66],[-1.9,49.67],[-1.95,49.68],[-1.94,49.69],[-1.95,49.71],[-1.94,49.73],[-1.89,49.71],[-1.84,49.71],[-1.83,49.69],[-1.79,49.69],[-1.77,49.68],[-1.72,49.68],[-1.71,49.67],[-1.68,49.67],[-1.68,49.66],[-1.63,49.66],[-1.63,49.65],[-1.59,49.65],[-1.57,49.66],[-1.55,49.65],[-1.53,49.66],[-1.5,49.66],[-1.48,49.68],[-1.47,49.7],[-1.45,49.69],[-1.43,49.7],[-1.39,49.71],[-1.35,49.7],[-1.32,49.7],[-1.3,49.69],[-1.27,49.69],[-1.27,49.68],[-1.24,49.65],[-1.23,49.63],[-1.23,49.61],[-1.26,49.61],[-1.27,49.57],[-1.28,49.59],[-1.29,49.59],[-1.31,49.56],[-1.31,49.55],[-1.27,49.5],[-1.26,49.48],[-1.23,49.47],[-1.17,49.41],[-1.16,49.39],[-1.18,49.38],[-1.18,49.36],[-1.16,49.37],[-1.14,49.35],[-1.07,49.39],[-1.02,49.39],[-0.99,49.4],[-0.96,49.4],[-0.92,49.39],[-0.89,49.37],[-0.86,49.37],[-0.79,49.35],[-0.65,49.35],[-0.63,49.34],[-0.57,49.34],[-0.56,49.35],[-0.51,49.34],[-0.43,49.34],[-0.4,49.33],[-0.34,49.32],[-0.34,49.31],[-0.29,49.29],[-0.25,49.29],[-0.23,49.28],[-0.21,49.29],[-0.14,49.29],[-0.08,49.3],[-0.07,49.31],[-0.04,49.31],[-0.01,49.32],[0.05,49.35],[0.08,49.37],[0.1,49.39],[0.14,49.41],[0.18,49.41],[0.18,49.42],[0.22,49.43],[0.3,49.43],[0.3,49.41],[0.31,49.39],[0.31,49.39],[0.3,49.37],[0.3,49.37],[0.32,49.34],[0.3,49.31],[0.3,49.31],[0.32,49.31],[0.31,49.29],[0.32,49.28],[0.36,49.3],[0.38,49.29],[0.38,49.29],[0.38,49.26],[0.38,49.26],[0.32,49.25],[0.34,49.23],[0.34,49.23],[0.39,49.21],[0.39,49.21],[0.39,49.15],[0.39,49.15],[0.41,49.15],[0.41,49.15],[0.43,49.14],[0.43,49.14],[0.41,49.13],[0.41,49.12],[0.41,49.12],[0.41,49.12],[0.4,49.1],[0.4,49.1],[0.42,49.09],[0.42,49.07],[0.41,49.08],[0.38,49.07],[0.38,49.07],[0.37,49.05],[0.37,49.05],[0.41,49.03],[0.41,49.03],[0.45,49.02],[0.44,49.01],[0.44,49.01],[0.43,49],[0.43,49],[0.43,48.98],[0.43,48.98],[0.43,48.97],[0.43,48.97],[0.41,48.95],[0.4,48.93],[0.4,48.93],[0.39,48.93],[0.39,48.91],[0.39,48.91],[0.44,48.88],[0.44,48.88],[0.47,48.89],[0.52,48.88],[0.52,48.88],[0.55,48.87],[0.55,48.88],[0.57,48.89],[0.6,48.89],[0.59,48.87],[0.61,48.88],[0.61,48.86],[0.61,48.86],[0.62,48.85],[0.61,48.83],[0.63,48.83],[0.66,48.81],[0.66,48.81],[0.69,48.79],[0.7,48.79],[0.7,48.79],[0.71,48.79],[0.71,48.79],[0.73,48.79],[0.76,48.77],[0.76,48.77],[0.75,48.76],[0.77,48.74],[0.76,48.72],[0.73,48.71],[0.73,48.71],[0.73,48.7],[0.77,48.7],[0.77,48.69],[0.77,48.69],[0.76,48.68],[0.78,48.67],[0.78,48.67],[0.81,48.67],[0.81,48.67],[0.82,48.65],[0.82,48.65],[0.82,48.64],[0.82,48.64],[0.83,48.63],[0.83,48.63],[0.82,48.61],[0.85,48.61],[0.85,48.59],[0.87,48.57],[0.91,48.57],[0.94,48.55],[0.92,48.54],[0.93,48.53],[0.97,48.52],[0.97,48.52],[0.95,48.5],[0.96,48.49],[0.96,48.49],[0.94,48.47],[0.94,48.47],[0.94,48.46],[0.97,48.44],[0.97,48.44],[0.95,48.42],[0.95,48.4],[0.93,48.39],[0.91,48.37],[0.9,48.37],[0.9,48.37],[0.84,48.35],[0.84,48.35],[0.82,48.34],[0.81,48.35],[0.79,48.34],[0.79,48.34],[0.79,48.34],[0.78,48.33],[0.78,48.33],[0.77,48.32],[0.77,48.32],[0.76,48.3],[0.76,48.3],[0.76,48.3],[0.8,48.29],[0.8,48.29],[0.79,48.27],[0.79,48.27],[0.79,48.26],[0.83,48.21],[0.81,48.2],[0.81,48.2],[0.8,48.19],[0.76,48.18],[0.76,48.18],[0.75,48.18],[0.73,48.2],[0.72,48.2],[0.72,48.2],[0.72,48.21],[0.68,48.25],[0.68,48.26],[0.64,48.26],[0.63,48.25],[0.63,48.25],[0.64,48.24],[0.64,48.24],[0.57,48.24],[0.54,48.25],[0.54,48.25],[0.53,48.27],[0.53,48.27],[0.49,48.28],[0.51,48.29],[0.49,48.31],[0.48,48.3],[0.46,48.31],[0.44,48.3],[0.43,48.31],[0.43,48.31],[0.43,48.32],[0.4,48.32],[0.38,48.33],[0.38,48.34],[0.38,48.34],[0.39,48.35],[0.39,48.35],[0.38,48.37],[0.38,48.37],[0.38,48.39],[0.38,48.39],[0.38,48.43],[0.37,48.44],[0.37,48.44],[0.35,48.46],[0.35,48.46],[0.35,48.46],[0.34,48.46],[0.34,48.46],[0.31,48.47],[0.31,48.47],[0.28,48.48],[0.28,48.48],[0.26,48.48],[0.26,48.48],[0.26,48.48],[0.22,48.47],[0.22,48.47],[0.19,48.46],[0.19,48.46],[0.19,48.46],[0.17,48.46],[0.17,48.46],[0.17,48.45],[0.17,48.45],[0.15,48.45],[0.15,48.45],[0.15,48.44],[0.15,48.44],[0.13,48.43],[0.12,48.44],[0.12,48.44],[0.1,48.41],[0.08,48.41],[0.08,48.41],[0.08,48.41],[0.04,48.38],[0.04,48.38],[0.02,48.38],[0.02,48.38],[0,48.4],[0,48.4],[-0.02,48.39],[-0.02,48.39],[-0.05,48.38],[-0.05,48.38],[-0.05,48.38],[-0.05,48.39],[-0.05,48.39],[-0.06,48.43],[-0.06,48.43],[-0.05,48.43],[-0.05,48.45],[-0.05,48.45],[-0.07,48.46],[-0.08,48.45],[-0.14,48.45],[-0.14,48.45],[-0.15,48.48],[-0.15,48.48],[-0.16,48.49],[-0.16,48.49],[-0.16,48.49],[-0.17,48.5],[-0.17,48.5],[-0.17,48.51],[-0.14,48.53],[-0.18,48.54],[-0.19,48.55],[-0.19,48.55],[-0.2,48.56],[-0.2,48.56],[-0.23,48.56],[-0.25,48.57],[-0.26,48.55],[-0.26,48.55],[-0.24,48.54],[-0.27,48.52],[-0.27,48.51],[-0.29,48.51],[-0.29,48.52],[-0.29,48.52],[-0.31,48.52],[-0.31,48.52],[-0.32,48.52],[-0.34,48.5],[-0.35,48.5],[-0.35,48.48],[-0.39,48.5],[-0.39,48.5],[-0.4,48.51],[-0.4,48.51],[-0.43,48.51],[-0.43,48.51],[-0.45,48.51],[-0.45,48.51],[-0.48,48.5],[-0.48,48.5],[-0.51,48.51],[-0.51,48.51],[-0.54,48.49],[-0.55,48.47],[-0.57,48.47],[-0.57,48.47],[-0.59,48.47],[-0.59,48.47],[-0.65,48.44],[-0.65,48.46],[-0.67,48.49],[-0.67,48.48],[-0.69,48.47],[-0.69,48.47],[-0.7,48.47],[-0.7,48.47],[-0.73,48.47],[-0.73,48.47],[-0.74,48.46],[-0.72,48.45],[-0.76,48.44],[-0.76,48.44],[-0.77,48.44],[-0.78,48.47],[-0.81,48.45],[-0.82,48.47],[-0.82,48.47],[-0.85,48.5],[-0.86,48.5]]],[[[-1.51,48.64],[-1.51,48.64],[-1.51,48.64],[-1.51,48.64]]]]}},{"type":"Feature","properties":{"nom":"Bourgogne","code":"26"},"geometry":{"type":"Polygon","coordinates":[[[3.63,46.75],[3.63,46.75],[3.58,46.75],[3.6,46.73],[3.58,46.72],[3.58,46.72],[3.57,46.72],[3.57,46.72],[3.55,46.72],[3.55,46.72],[3.56,46.69],[3.55,46.68],[3.55,46.68],[3.53,46.69],[3.53,46.69],[3.52,46.69],[3.49,46.66],[3.49,46.65],[3.45,46.65],[3.44,46.66],[3.45,46.69],[3.45,46.69],[3.44,46.69],[3.43,46.71],[3.39,46.71],[3.39,46.71],[3.37,46.69],[3.32,46.69],[3.3,46.7],[3.3,46.72],[3.28,46.72],[3.28,46.72],[3.23,46.7],[3.23,46.7],[3.23,46.69],[3.2,46.68],[3.2,46.68],[3.17,46.69],[3.15,46.71],[3.15,46.71],[3.13,46.73],[3.1,46.73],[3.1,46.73],[3.08,46.74],[3.08,46.74],[3.05,46.76],[3.03,46.79],[3.04,46.81],[3.04,46.81],[3.06,46.83],[3.06,46.83],[3.06,46.83],[3.05,46.84],[3.07,46.85],[3.06,46.89],[3.06,46.89],[3.06,46.9],[3.06,46.9],[3.05,46.91],[3.06,46.94],[3.07,46.94],[3.07,46.94],[3.08,46.96],[3.08,46.96],[3.06,46.98],[3.07,47],[3.07,47],[3.07,47.03],[3.07,47.03],[3.06,47.05],[3.06,47.05],[3.05,47.05],[3.05,47.05],[3.02,47.06],[3.03,47.11],[3.03,47.11],[3.03,47.11],[3.03,47.13],[3.02,47.13],[3.02,47.16],[3.02,47.16],[3.02,47.16],[3,47.2],[3,47.2],[2.99,47.21],[2.99,47.21],[2.98,47.23],[2.98,47.26],[2.98,47.26],[2.97,47.27],[2.92,47.3],[2.91,47.31],[2.91,47.31],[2.89,47.31],[2.87,47.33],[2.88,47.35],[2.88,47.35],[2.89,47.37],[2.89,47.37],[2.92,47.41],[2.92,47.41],[2.93,47.44],[2.92,47.46],[2.92,47.46],[2.92,47.46],[2.9,47.49],[2.9,47.49],[2.89,47.5],[2.89,47.5],[2.89,47.51],[2.89,47.51],[2.85,47.54],[2.85,47.54],[2.88,47.55],[2.88,47.55],[2.91,47.56],[2.91,47.56],[2.91,47.56],[2.91,47.57],[2.95,47.56],[2.97,47.57],[2.97,47.57],[2.96,47.57],[2.96,47.59],[2.94,47.6],[2.93,47.63],[2.93,47.63],[2.94,47.64],[2.94,47.64],[2.95,47.65],[2.95,47.65],[2.94,47.66],[2.94,47.66],[2.93,47.66],[2.92,47.68],[2.89,47.7],[2.89,47.7],[2.88,47.7],[2.88,47.7],[2.88,47.72],[2.86,47.71],[2.85,47.72],[2.85,47.72],[2.85,47.73],[2.85,47.73],[2.86,47.75],[2.85,47.76],[2.9,47.76],[2.91,47.77],[2.91,47.77],[2.93,47.76],[2.95,47.77],[2.95,47.77],[2.98,47.78],[2.98,47.78],[2.99,47.79],[3.02,47.79],[3.02,47.79],[3.03,47.8],[3.02,47.81],[3.02,47.81],[3.02,47.81],[3.02,47.81],[3.01,47.83],[3.01,47.83],[3.03,47.84],[3.03,47.84],[3.02,47.86],[3.02,47.86],[2.99,47.87],[3.01,47.88],[3.01,47.9],[3.01,47.9],[3.05,47.91],[3.06,47.93],[3.08,47.93],[3.11,47.96],[3.13,47.97],[3.12,48.01],[3.1,48.02],[3.1,48.02],[3.12,48.03],[3.12,48.03],[3.12,48.03],[3.09,48.05],[3.09,48.05],[3.08,48.06],[3.05,48.07],[3.05,48.09],[3.05,48.09],[3.04,48.09],[3.04,48.12],[3.02,48.12],[3.03,48.13],[3.02,48.14],[3.02,48.14],[3,48.14],[3,48.14],[2.99,48.15],[2.96,48.15],[2.94,48.16],[2.93,48.18],[2.93,48.18],[2.97,48.19],[2.98,48.21],[3.01,48.21],[3.03,48.25],[3.05,48.25],[3.03,48.29],[3.03,48.29],[3.02,48.3],[3.02,48.3],[3.02,48.31],[3.04,48.33],[3.04,48.33],[3.05,48.36],[3.05,48.36],[3.08,48.36],[3.1,48.35],[3.1,48.35],[3.1,48.35],[3.12,48.37],[3.12,48.37],[3.14,48.37],[3.14,48.37],[3.14,48.37],[3.18,48.37],[3.18,48.37],[3.2,48.36],[3.2,48.36],[3.21,48.37],[3.21,48.37],[3.25,48.37],[3.25,48.37],[3.27,48.38],[3.27,48.38],[3.28,48.38],[3.28,48.38],[3.31,48.37],[3.31,48.37],[3.31,48.38],[3.33,48.37],[3.33,48.37],[3.35,48.37],[3.36,48.38],[3.36,48.38],[3.37,48.4],[3.41,48.39],[3.41,48.39],[3.43,48.36],[3.43,48.36],[3.47,48.37],[3.47,48.37],[3.47,48.37],[3.47,48.37],[3.47,48.37],[3.5,48.37],[3.5,48.37],[3.55,48.33],[3.54,48.32],[3.54,48.32],[3.56,48.32],[3.56,48.32],[3.56,48.31],[3.59,48.3],[3.58,48.28],[3.62,48.27],[3.62,48.26],[3.62,48.26],[3.62,48.26],[3.6,48.24],[3.6,48.23],[3.62,48.23],[3.62,48.23],[3.61,48.21],[3.58,48.19],[3.58,48.19],[3.59,48.18],[3.59,48.18],[3.64,48.19],[3.65,48.17],[3.65,48.17],[3.67,48.14],[3.67,48.14],[3.69,48.15],[3.69,48.15],[3.72,48.16],[3.72,48.17],[3.75,48.17],[3.75,48.15],[3.74,48.14],[3.74,48.14],[3.74,48.13],[3.78,48.13],[3.78,48.12],[3.8,48.11],[3.8,48.11],[3.8,48.09],[3.8,48.09],[3.83,48.06],[3.83,48.04],[3.83,48.04],[3.84,48.04],[3.84,48.04],[3.87,48.02],[3.87,48],[3.86,48.01],[3.84,48],[3.84,48],[3.86,47.98],[3.86,47.98],[3.86,47.98],[3.88,47.98],[3.88,48],[3.9,47.99],[3.9,47.99],[3.91,47.96],[3.9,47.93],[3.9,47.93],[3.91,47.93],[3.91,47.93],[3.92,47.93],[3.92,47.93],[3.95,47.93],[3.96,47.94],[3.98,47.93],[3.98,47.93],[4,47.94],[4.03,47.93],[4.03,47.93],[4.05,47.93],[4.05,47.93],[4.06,47.95],[4.09,47.94],[4.09,47.94],[4.09,47.93],[4.12,47.93],[4.14,47.94],[4.14,47.94],[4.14,47.94],[4.16,47.96],[4.17,47.96],[4.19,47.94],[4.21,47.95],[4.2,47.96],[4.2,47.96],[4.2,47.97],[4.2,47.97],[4.23,47.97],[4.22,47.95],[4.27,47.92],[4.29,47.93],[4.29,47.93],[4.3,47.95],[4.3,47.95],[4.31,47.96],[4.39,47.96],[4.42,47.97],[4.45,47.96],[4.5,47.97],[4.56,47.97],[4.56,47.97],[4.54,47.99],[4.55,48.01],[4.55,48.01],[4.58,48.03],[4.62,48.03],[4.62,48.03],[4.62,48.02],[4.7,48.02],[4.7,48.02],[4.72,48.01],[4.72,48.01],[4.75,48],[4.79,48.01],[4.81,47.99],[4.79,47.97],[4.79,47.97],[4.8,47.96],[4.8,47.96],[4.85,47.96],[4.87,47.94],[4.85,47.92],[4.83,47.92],[4.83,47.91],[4.83,47.91],[4.86,47.9],[4.87,47.92],[4.91,47.92],[4.92,47.89],[4.92,47.89],[4.93,47.89],[4.93,47.87],[4.95,47.87],[4.96,47.84],[4.98,47.83],[4.98,47.83],[4.99,47.82],[4.99,47.82],[4.99,47.8],[4.94,47.79],[4.92,47.78],[4.92,47.78],[4.92,47.77],[4.92,47.77],[4.92,47.77],[4.92,47.76],[4.94,47.76],[4.95,47.77],[4.97,47.74],[4.96,47.73],[4.96,47.73],[4.97,47.73],[4.97,47.73],[4.96,47.71],[4.96,47.71],[4.95,47.71],[4.97,47.69],[4.97,47.69],[5,47.69],[5,47.7],[5.03,47.71],[5.03,47.71],[5.03,47.69],[5.06,47.69],[5.05,47.67],[5.07,47.67],[5.08,47.66],[5.08,47.66],[5.12,47.65],[5.12,47.65],[5.14,47.65],[5.16,47.67],[5.18,47.68],[5.17,47.65],[5.19,47.65],[5.24,47.62],[5.24,47.62],[5.24,47.62],[5.24,47.62],[5.26,47.62],[5.26,47.62],[5.24,47.6],[5.26,47.58],[5.28,47.58],[5.28,47.59],[5.32,47.61],[5.32,47.61],[5.34,47.6],[5.34,47.6],[5.36,47.59],[5.36,47.59],[5.37,47.6],[5.37,47.6],[5.4,47.6],[5.4,47.6],[5.42,47.63],[5.44,47.63],[5.47,47.61],[5.47,47.61],[5.48,47.61],[5.49,47.58],[5.48,47.57],[5.5,47.55],[5.5,47.55],[5.49,47.53],[5.49,47.53],[5.47,47.53],[5.45,47.5],[5.45,47.5],[5.44,47.49],[5.44,47.49],[5.43,47.5],[5.4,47.5],[5.4,47.5],[5.39,47.48],[5.39,47.48],[5.4,47.48],[5.4,47.48],[5.38,47.47],[5.38,47.45],[5.38,47.45],[5.41,47.46],[5.41,47.46],[5.44,47.45],[5.44,47.45],[5.43,47.42],[5.44,47.41],[5.43,47.39],[5.45,47.38],[5.5,47.39],[5.49,47.37],[5.49,47.37],[5.49,47.33],[5.47,47.32],[5.47,47.32],[5.48,47.31],[5.51,47.31],[5.51,47.31],[5.52,47.3],[5.52,47.3],[5.51,47.28],[5.49,47.29],[5.49,47.29],[5.49,47.28],[5.49,47.28],[5.48,47.26],[5.48,47.26],[5.48,47.24],[5.48,47.24],[5.48,47.22],[5.47,47.21],[5.47,47.21],[5.45,47.2],[5.45,47.2],[5.46,47.18],[5.45,47.16],[5.45,47.16],[5.45,47.16],[5.44,47.15],[5.44,47.15],[5.41,47.13],[5.41,47.13],[5.41,47.13],[5.41,47.12],[5.41,47.12],[5.4,47.09],[5.39,47.09],[5.39,47.09],[5.38,47.08],[5.36,47.08],[5.36,47.08],[5.36,47.08],[5.33,47.08],[5.3,47.06],[5.3,47.06],[5.3,47.06],[5.28,47.05],[5.28,47.03],[5.28,47.03],[5.28,47.03],[5.32,47.02],[5.32,47.01],[5.28,47],[5.28,47],[5.27,46.99],[5.27,46.99],[5.26,46.98],[5.26,46.95],[5.26,46.95],[5.25,46.94],[5.26,46.93],[5.26,46.93],[5.29,46.94],[5.29,46.94],[5.31,46.94],[5.31,46.92],[5.31,46.92],[5.31,46.91],[5.31,46.91],[5.33,46.9],[5.34,46.88],[5.38,46.89],[5.38,46.89],[5.39,46.89],[5.39,46.89],[5.39,46.89],[5.4,46.89],[5.4,46.87],[5.43,46.86],[5.43,46.86],[5.43,46.86],[5.44,46.85],[5.45,46.86],[5.45,46.86],[5.46,46.86],[5.46,46.83],[5.46,46.83],[5.41,46.83],[5.41,46.83],[5.41,46.83],[5.38,46.83],[5.38,46.83],[5.38,46.83],[5.34,46.82],[5.34,46.82],[5.33,46.81],[5.33,46.81],[5.34,46.79],[5.37,46.78],[5.37,46.78],[5.39,46.77],[5.39,46.77],[5.37,46.75],[5.37,46.75],[5.36,46.73],[5.39,46.73],[5.39,46.73],[5.41,46.7],[5.41,46.7],[5.41,46.7],[5.4,46.68],[5.42,46.67],[5.42,46.67],[5.42,46.66],[5.42,46.66],[5.42,46.66],[5.44,46.64],[5.43,46.63],[5.43,46.63],[5.41,46.61],[5.41,46.61],[5.4,46.61],[5.4,46.61],[5.41,46.6],[5.4,46.58],[5.4,46.58],[5.36,46.58],[5.36,46.58],[5.36,46.56],[5.36,46.56],[5.36,46.55],[5.36,46.55],[5.36,46.52],[5.36,46.52],[5.36,46.52],[5.38,46.52],[5.39,46.51],[5.42,46.5],[5.42,46.48],[5.42,46.48],[5.42,46.48],[5.39,46.47],[5.39,46.47],[5.38,46.46],[5.32,46.46],[5.32,46.46],[5.31,46.45],[5.31,46.45],[5.27,46.45],[5.27,46.45],[5.24,46.46],[5.24,46.46],[5.22,46.47],[5.22,46.47],[5.22,46.47],[5.21,46.49],[5.21,46.49],[5.2,46.5],[5.2,46.5],[5.17,46.52],[5.16,46.5],[5.14,46.51],[5.13,46.5],[5.13,46.5],[5.11,46.49],[5.1,46.5],[5.05,46.48],[5.05,46.49],[5.01,46.5],[5.01,46.5],[5.01,46.51],[5.01,46.51],[4.98,46.52],[4.95,46.5],[4.95,46.51],[4.95,46.51],[4.93,46.51],[4.93,46.51],[4.93,46.51],[4.93,46.5],[4.93,46.5],[4.93,46.5],[4.93,46.5],[4.91,46.48],[4.91,46.48],[4.91,46.46],[4.91,46.46],[4.89,46.45],[4.89,46.44],[4.89,46.44],[4.89,46.43],[4.89,46.43],[4.89,46.42],[4.89,46.42],[4.89,46.4],[4.87,46.38],[4.87,46.38],[4.87,46.38],[4.86,46.37],[4.86,46.37],[4.86,46.37],[4.85,46.35],[4.85,46.35],[4.85,46.33],[4.85,46.33],[4.84,46.31],[4.84,46.31],[4.83,46.28],[4.82,46.27],[4.82,46.27],[4.81,46.25],[4.81,46.25],[4.8,46.22],[4.8,46.22],[4.78,46.18],[4.78,46.18],[4.76,46.17],[4.72,46.18],[4.72,46.2],[4.72,46.2],[4.73,46.21],[4.72,46.23],[4.74,46.23],[4.71,46.25],[4.71,46.25],[4.69,46.25],[4.68,46.27],[4.68,46.27],[4.71,46.27],[4.71,46.28],[4.71,46.28],[4.69,46.3],[4.69,46.3],[4.64,46.3],[4.62,46.28],[4.62,46.28],[4.62,46.26],[4.61,46.27],[4.58,46.27],[4.57,46.29],[4.57,46.29],[4.56,46.29],[4.56,46.29],[4.55,46.27],[4.5,46.27],[4.5,46.27],[4.49,46.29],[4.48,46.28],[4.45,46.3],[4.41,46.3],[4.41,46.3],[4.4,46.27],[4.4,46.27],[4.4,46.27],[4.39,46.25],[4.39,46.25],[4.39,46.21],[4.36,46.2],[4.37,46.19],[4.37,46.19],[4.33,46.18],[4.33,46.18],[4.33,46.18],[4.31,46.17],[4.31,46.17],[4.3,46.17],[4.3,46.17],[4.28,46.16],[4.28,46.16],[4.25,46.16],[4.25,46.17],[4.25,46.17],[4.26,46.18],[4.26,46.18],[4.24,46.19],[4.23,46.18],[4.23,46.18],[4.22,46.18],[4.22,46.18],[4.22,46.19],[4.22,46.19],[4.18,46.19],[4.18,46.17],[4.14,46.18],[4.14,46.18],[4.13,46.18],[4.13,46.18],[4.13,46.18],[4.1,46.2],[4.1,46.2],[4.08,46.19],[4.08,46.19],[4.06,46.19],[4.06,46.19],[4.05,46.18],[4.05,46.18],[4.03,46.17],[4.03,46.17],[3.99,46.17],[3.99,46.17],[3.97,46.19],[3.97,46.2],[3.97,46.2],[3.94,46.21],[3.92,46.2],[3.91,46.21],[3.91,46.21],[3.89,46.21],[3.91,46.26],[3.91,46.26],[3.9,46.28],[3.9,46.29],[3.95,46.3],[3.95,46.32],[3.99,46.32],[3.99,46.33],[3.99,46.33],[3.99,46.35],[3.99,46.35],[3.99,46.35],[3.98,46.39],[3.98,46.39],[3.99,46.41],[3.98,46.42],[3.98,46.42],[4,46.43],[4,46.43],[4,46.46],[4,46.46],[3.97,46.48],[3.97,46.48],[3.95,46.48],[3.96,46.49],[3.93,46.49],[3.92,46.5],[3.9,46.49],[3.9,46.49],[3.89,46.48],[3.86,46.5],[3.86,46.52],[3.85,46.51],[3.85,46.51],[3.84,46.53],[3.81,46.52],[3.81,46.52],[3.78,46.53],[3.78,46.53],[3.77,46.54],[3.74,46.54],[3.73,46.55],[3.73,46.55],[3.74,46.56],[3.74,46.56],[3.74,46.58],[3.74,46.58],[3.74,46.58],[3.74,46.59],[3.72,46.61],[3.72,46.63],[3.7,46.65],[3.7,46.65],[3.7,46.65],[3.7,46.65],[3.65,46.69],[3.64,46.72],[3.62,46.74],[3.63,46.75],[3.63,46.75]],[[5.44,46.85],[5.44,46.85],[5.44,46.85],[5.44,46.85],[5.44,46.85],[5.44,46.85],[5.44,46.85],[5.44,46.85],[5.44,46.85],[5.44,46.85],[5.44,46.85],[5.44,46.85],[5.44,46.85],[5.44,46.85]]]}},{"type":"Feature","properties":{"nom":"Nord-Pas-de-Calais","code":"31"},"geometry":{"type":"Polygon","coordinates":[[[4.14,49.98],[4.14,49.98],[4.1,49.97],[4.1,49.97],[4.08,49.97],[4.04,49.99],[4.03,49.98],[4.03,49.98],[4.01,50],[3.99,49.99],[3.98,50],[4,50.03],[3.99,50.04],[3.99,50.04],[3.95,50.03],[3.95,50.03],[3.92,50.03],[3.92,50.02],[3.89,50.01],[3.89,50.01],[3.88,50.03],[3.88,50.03],[3.88,50.03],[3.84,50.05],[3.82,50.04],[3.78,50.05],[3.78,50.05],[3.75,50.05],[3.74,50.06],[3.71,50.07],[3.71,50.07],[3.67,50.06],[3.66,50.04],[3.66,50.04],[3.63,50.03],[3.63,50.03],[3.61,50.03],[3.61,50.03],[3.61,50.03],[3.58,50.05],[3.58,50.05],[3.54,50.05],[3.51,50.03],[3.51,50.03],[3.49,50.02],[3.43,50.02],[3.43,50.02],[3.42,50.03],[3.42,50.03],[3.39,50.03],[3.39,50.03],[3.37,50.04],[3.35,50.03],[3.35,50.03],[3.34,50.02],[3.3,50.02],[3.3,50.02],[3.28,50.02],[3.28,50.02],[3.27,50.03],[3.27,50.03],[3.26,50.03],[3.26,50.03],[3.26,50.03],[3.24,50.03],[3.24,50.03],[3.23,50.03],[3.23,50.03],[3.17,50.01],[3.17,50.02],[3.17,50.02],[3.15,50.03],[3.12,50.02],[3.1,50.05],[3.09,50.05],[3.09,50.05],[3.07,50.05],[3.07,50.05],[3.06,50.05],[3.06,50.05],[3.03,50.06],[3.03,50.06],[3.01,50.06],[3.01,50.05],[2.99,50.05],[2.99,50.05],[2.97,50.04],[2.96,50.05],[2.96,50.05],[2.94,50.05],[2.94,50.05],[2.94,50.05],[2.92,50.04],[2.92,50.04],[2.88,50.03],[2.88,50.03],[2.88,50.03],[2.86,50.03],[2.86,50.03],[2.88,50.04],[2.86,50.06],[2.86,50.06],[2.86,50.06],[2.86,50.08],[2.83,50.06],[2.81,50.06],[2.81,50.06],[2.78,50.04],[2.75,50.04],[2.75,50.04],[2.76,50.07],[2.76,50.07],[2.78,50.09],[2.78,50.09],[2.78,50.1],[2.78,50.1],[2.78,50.11],[2.78,50.11],[2.75,50.11],[2.73,50.13],[2.73,50.13],[2.71,50.13],[2.71,50.11],[2.7,50.1],[2.72,50.09],[2.72,50.09],[2.72,50.09],[2.7,50.08],[2.7,50.08],[2.68,50.1],[2.64,50.1],[2.64,50.1],[2.63,50.11],[2.63,50.11],[2.63,50.11],[2.59,50.11],[2.59,50.11],[2.57,50.12],[2.57,50.12],[2.57,50.12],[2.59,50.14],[2.58,50.14],[2.58,50.14],[2.55,50.14],[2.55,50.14],[2.55,50.12],[2.55,50.12],[2.53,50.12],[2.51,50.14],[2.51,50.14],[2.47,50.14],[2.46,50.13],[2.46,50.13],[2.45,50.12],[2.45,50.12],[2.45,50.12],[2.43,50.09],[2.42,50.09],[2.42,50.09],[2.41,50.1],[2.41,50.1],[2.38,50.11],[2.39,50.14],[2.39,50.14],[2.4,50.16],[2.4,50.16],[2.4,50.16],[2.41,50.16],[2.41,50.16],[2.42,50.17],[2.42,50.17],[2.42,50.17],[2.45,50.18],[2.45,50.18],[2.47,50.19],[2.47,50.19],[2.49,50.19],[2.49,50.19],[2.49,50.2],[2.49,50.2],[2.49,50.21],[2.46,50.21],[2.46,50.22],[2.46,50.22],[2.45,50.23],[2.45,50.23],[2.38,50.23],[2.38,50.23],[2.37,50.21],[2.37,50.21],[2.36,50.21],[2.36,50.21],[2.33,50.24],[2.33,50.24],[2.33,50.24],[2.32,50.23],[2.32,50.23],[2.33,50.22],[2.33,50.22],[2.3,50.21],[2.3,50.21],[2.29,50.22],[2.29,50.22],[2.27,50.23],[2.25,50.21],[2.23,50.21],[2.23,50.21],[2.22,50.22],[2.2,50.21],[2.2,50.21],[2.18,50.21],[2.18,50.21],[2.17,50.21],[2.15,50.19],[2.15,50.19],[2.14,50.21],[2.11,50.2],[2.11,50.2],[2.1,50.21],[2.08,50.2],[2.08,50.22],[2.08,50.22],[2.07,50.23],[2.07,50.23],[2.06,50.24],[2.08,50.25],[2.08,50.25],[2.06,50.26],[2.06,50.26],[2.04,50.26],[2.03,50.27],[2.03,50.27],[2,50.27],[2,50.27],[1.96,50.29],[1.96,50.29],[1.95,50.29],[1.95,50.29],[1.93,50.3],[1.96,50.31],[1.96,50.32],[1.96,50.32],[1.94,50.33],[1.92,50.31],[1.89,50.32],[1.89,50.32],[1.88,50.32],[1.85,50.34],[1.85,50.34],[1.85,50.34],[1.82,50.35],[1.82,50.35],[1.8,50.36],[1.8,50.36],[1.79,50.36],[1.79,50.36],[1.76,50.36],[1.76,50.36],[1.73,50.35],[1.73,50.35],[1.69,50.34],[1.69,50.34],[1.69,50.34],[1.66,50.33],[1.66,50.33],[1.65,50.34],[1.65,50.34],[1.64,50.35],[1.63,50.36],[1.63,50.36],[1.6,50.38],[1.58,50.38],[1.56,50.4],[1.57,50.44],[1.57,50.47],[1.58,50.49],[1.58,50.52],[1.59,50.54],[1.61,50.53],[1.63,50.51],[1.64,50.51],[1.61,50.54],[1.58,50.56],[1.58,50.64],[1.56,50.69],[1.56,50.7],[1.58,50.73],[1.59,50.73],[1.6,50.75],[1.59,50.75],[1.61,50.77],[1.6,50.8],[1.61,50.8],[1.59,50.82],[1.58,50.87],[1.61,50.87],[1.63,50.88],[1.67,50.89],[1.69,50.91],[1.69,50.92],[1.71,50.92],[1.74,50.94],[1.82,50.96],[1.85,50.96],[1.89,50.97],[1.94,50.99],[1.99,50.99],[2.04,51],[2.06,51.01],[2.11,51.01],[2.15,51.03],[2.18,51.02],[2.19,51.04],[2.21,51.03],[2.23,51.04],[2.26,51.04],[2.35,51.06],[2.37,51.05],[2.43,51.06],[2.46,51.07],[2.49,51.07],[2.54,51.09],[2.55,51.09],[2.57,51.05],[2.58,51.01],[2.57,51],[2.61,50.99],[2.63,50.95],[2.6,50.92],[2.61,50.91],[2.61,50.87],[2.6,50.86],[2.62,50.84],[2.63,50.81],[2.72,50.81],[2.74,50.78],[2.76,50.77],[2.76,50.76],[2.78,50.75],[2.79,50.73],[2.81,50.72],[2.85,50.72],[2.9,50.7],[2.93,50.71],[2.94,50.73],[2.94,50.75],[2.98,50.75],[2.98,50.76],[3.01,50.77],[3.04,50.77],[3.06,50.78],[3.09,50.77],[3.11,50.79],[3.15,50.79],[3.16,50.77],[3.2,50.73],[3.21,50.71],[3.25,50.71],[3.26,50.7],[3.25,50.69],[3.26,50.68],[3.24,50.67],[3.24,50.65],[3.26,50.63],[3.26,50.62],[3.28,50.59],[3.28,50.54],[3.32,50.52],[3.33,50.51],[3.37,50.49],[3.45,50.51],[3.48,50.53],[3.51,50.53],[3.52,50.52],[3.5,50.5],[3.51,50.49],[3.53,50.5],[3.57,50.5],[3.58,50.49],[3.61,50.5],[3.64,50.47],[3.66,50.46],[3.66,50.44],[3.67,50.44],[3.67,50.38],[3.66,50.35],[3.68,50.34],[3.68,50.33],[3.71,50.3],[3.73,50.31],[3.74,50.35],[3.86,50.35],[3.89,50.34],[3.89,50.33],[3.92,50.33],[3.96,50.35],[3.98,50.34],[4.03,50.36],[4.08,50.32],[4.12,50.3],[4.14,50.26],[4.16,50.26],[4.17,50.27],[4.15,50.28],[4.17,50.29],[4.21,50.27],[4.22,50.25],[4.15,50.21],[4.16,50.17],[4.13,50.14],[4.13,50.13],[4.16,50.14],[4.2,50.13],[4.2,50.1],[4.21,50.1],[4.23,50.07],[4.2,50.06],[4.19,50.05],[4.16,50.05],[4.14,50.02],[4.16,49.99],[4.15,49.98],[4.14,49.98]]]}},{"type":"Feature","properties":{"nom":"Lorraine","code":"41"},"geometry":{"type":"Polygon","coordinates":[[[5.47,48.42],[5.47,48.42],[5.44,48.43],[5.44,48.43],[5.43,48.43],[5.4,48.46],[5.4,48.47],[5.4,48.47],[5.4,48.47],[5.37,48.48],[5.37,48.48],[5.35,48.48],[5.35,48.49],[5.31,48.52],[5.3,48.51],[5.3,48.51],[5.29,48.51],[5.29,48.51],[5.29,48.51],[5.27,48.51],[5.23,48.53],[5.22,48.53],[5.22,48.53],[5.21,48.53],[5.21,48.53],[5.17,48.56],[5.14,48.56],[5.13,48.57],[5.13,48.57],[5.12,48.58],[5.12,48.6],[5.09,48.59],[5.07,48.6],[5.07,48.6],[5.05,48.63],[5.03,48.61],[5,48.62],[4.99,48.66],[4.99,48.66],[5.01,48.67],[5.01,48.67],[4.99,48.68],[5,48.71],[5.01,48.72],[5.01,48.74],[4.98,48.75],[4.98,48.75],[4.98,48.75],[4.95,48.77],[4.95,48.77],[4.92,48.79],[4.92,48.79],[4.89,48.8],[4.89,48.8],[4.89,48.8],[4.9,48.83],[4.93,48.84],[4.91,48.87],[4.91,48.87],[4.92,48.89],[4.92,48.89],[4.92,48.9],[4.92,48.9],[4.95,48.93],[4.95,48.93],[5.01,48.94],[5.01,48.94],[5.01,48.95],[5.03,48.95],[5.03,48.95],[5.04,48.97],[5.03,48.98],[5,48.98],[5,48.98],[5.01,48.99],[5.03,48.99],[5.04,49.02],[5.04,49.02],[5.03,49.03],[4.97,49.02],[4.97,49.02],[4.97,49.02],[5.01,49.06],[5,49.07],[5,49.09],[5,49.09],[5,49.11],[4.98,49.12],[4.98,49.13],[4.98,49.13],[4.97,49.13],[4.95,49.17],[4.95,49.17],[4.94,49.18],[4.99,49.21],[4.99,49.21],[4.99,49.21],[4.98,49.22],[4.98,49.22],[4.97,49.25],[5,49.26],[5,49.26],[5,49.26],[5.01,49.27],[5.01,49.27],[5.05,49.27],[5.06,49.29],[5.06,49.29],[5.06,49.29],[5.05,49.29],[5.03,49.31],[5.03,49.33],[5.03,49.33],[5.03,49.34],[5.06,49.36],[5.05,49.37],[5.09,49.37],[5.1,49.39],[5.09,49.4],[5.11,49.42],[5.11,49.42],[5.1,49.44],[5.11,49.46],[5.1,49.46],[5.1,49.46],[5.1,49.46],[5.08,49.47],[5.08,49.47],[5.08,49.49],[5.06,49.5],[5.06,49.5],[5.09,49.52],[5.09,49.52],[5.09,49.54],[5.09,49.54],[5.1,49.56],[5.1,49.56],[5.11,49.56],[5.11,49.56],[5.11,49.56],[5.12,49.59],[5.12,49.59],[5.15,49.59],[5.15,49.58],[5.15,49.58],[5.16,49.57],[5.16,49.57],[5.2,49.57],[5.2,49.57],[5.23,49.57],[5.25,49.56],[5.25,49.56],[5.26,49.54],[5.26,49.54],[5.31,49.56],[5.31,49.56],[5.31,49.56],[5.31,49.57],[5.34,49.59],[5.36,49.59],[5.36,49.59],[5.37,49.59],[5.39,49.62],[5.39,49.62],[5.43,49.6],[5.44,49.57],[5.45,49.57],[5.45,49.55],[5.47,49.54],[5.45,49.52],[5.47,49.5],[5.48,49.51],[5.53,49.51],[5.55,49.53],[5.57,49.53],[5.61,49.51],[5.62,49.51],[5.62,49.53],[5.65,49.55],[5.68,49.55],[5.7,49.54],[5.76,49.54],[5.76,49.56],[5.77,49.56],[5.82,49.54],[5.84,49.54],[5.84,49.52],[5.86,49.5],[5.95,49.5],[5.97,49.49],[5.97,49.47],[6.03,49.45],[6.06,49.47],[6.09,49.46],[6.12,49.47],[6.13,49.49],[6.16,49.49],[6.18,49.51],[6.24,49.51],[6.3,49.49],[6.3,49.48],[6.37,49.46],[6.37,49.47],[6.4,49.47],[6.42,49.48],[6.45,49.46],[6.47,49.46],[6.53,49.44],[6.55,49.42],[6.54,49.41],[6.55,49.39],[6.6,49.37],[6.59,49.35],[6.56,49.36],[6.59,49.33],[6.59,49.32],[6.65,49.28],[6.67,49.28],[6.66,49.26],[6.69,49.25],[6.69,49.22],[6.72,49.22],[6.73,49.21],[6.71,49.19],[6.74,49.16],[6.75,49.17],[6.78,49.17],[6.83,49.15],[6.85,49.16],[6.84,49.17],[6.86,49.18],[6.84,49.21],[6.86,49.22],[6.88,49.21],[6.94,49.22],[6.96,49.2],[6.98,49.21],[7,49.2],[7,49.19],[7.03,49.19],[7.03,49.17],[7.06,49.11],[7.09,49.13],[7.08,49.15],[7.1,49.14],[7.13,49.14],[7.16,49.12],[7.16,49.13],[7.18,49.13],[7.2,49.12],[7.25,49.13],[7.28,49.12],[7.3,49.12],[7.31,49.14],[7.36,49.15],[7.38,49.18],[7.43,49.18],[7.44,49.16],[7.45,49.17],[7.46,49.16],[7.48,49.17],[7.5,49.16],[7.49,49.14],[7.5,49.12],[7.52,49.11],[7.56,49.08],[7.6,49.08],[7.63,49.07],[7.64,49.05],[7.64,49.05],[7.63,49.03],[7.61,49.02],[7.61,49.02],[7.61,49.01],[7.59,48.99],[7.59,48.99],[7.59,48.98],[7.59,48.98],[7.58,48.97],[7.58,48.97],[7.58,48.96],[7.54,48.93],[7.51,48.94],[7.51,48.94],[7.48,48.96],[7.45,48.96],[7.45,48.97],[7.45,48.97],[7.4,48.96],[7.38,48.95],[7.38,48.95],[7.33,48.95],[7.33,48.94],[7.31,48.96],[7.29,48.97],[7.29,48.97],[7.24,48.99],[7.21,48.98],[7.21,48.98],[7.21,48.98],[7.17,49.01],[7.17,49.01],[7.13,49.01],[7.12,49.03],[7.12,49.03],[7.12,49.04],[7.12,49.04],[7.11,49.05],[7.11,49.05],[7.1,49.06],[7.12,49.07],[7.1,49.08],[7.07,49.07],[7.07,49.07],[7.07,49.06],[7.07,49.06],[7.08,49.05],[7.05,49.03],[7.05,49.01],[7.05,49.01],[7.03,48.99],[7.04,48.98],[7.03,48.96],[7.03,48.96],[7.03,48.96],[7.02,48.96],[7.02,48.96],[6.99,48.96],[6.99,48.96],[6.99,48.95],[6.99,48.95],[6.99,48.95],[6.98,48.93],[6.95,48.93],[6.95,48.93],[6.96,48.92],[6.96,48.89],[6.99,48.89],[7.03,48.88],[7.06,48.86],[7.05,48.86],[7.05,48.86],[7.09,48.86],[7.09,48.86],[7.09,48.85],[7.09,48.85],[7.09,48.85],[7.05,48.85],[7.05,48.84],[7.05,48.84],[7.05,48.82],[7.05,48.82],[7.05,48.82],[7.05,48.81],[7.09,48.81],[7.09,48.81],[7.07,48.8],[7.07,48.8],[7.08,48.79],[7.08,48.79],[7.1,48.8],[7.1,48.8],[7.12,48.8],[7.12,48.8],[7.12,48.81],[7.14,48.82],[7.14,48.82],[7.15,48.82],[7.14,48.84],[7.17,48.84],[7.18,48.85],[7.18,48.85],[7.2,48.83],[7.2,48.83],[7.22,48.82],[7.22,48.82],[7.23,48.83],[7.25,48.82],[7.25,48.82],[7.26,48.82],[7.26,48.82],[7.26,48.82],[7.26,48.82],[7.25,48.81],[7.25,48.81],[7.26,48.8],[7.26,48.8],[7.26,48.8],[7.27,48.8],[7.27,48.8],[7.29,48.79],[7.29,48.79],[7.31,48.77],[7.31,48.77],[7.31,48.76],[7.29,48.75],[7.29,48.73],[7.26,48.7],[7.26,48.7],[7.25,48.69],[7.26,48.67],[7.26,48.67],[7.27,48.66],[7.27,48.66],[7.3,48.66],[7.27,48.63],[7.28,48.62],[7.26,48.59],[7.26,48.59],[7.26,48.59],[7.25,48.59],[7.24,48.57],[7.22,48.56],[7.22,48.55],[7.19,48.55],[7.19,48.54],[7.19,48.54],[7.17,48.53],[7.17,48.53],[7.17,48.53],[7.14,48.53],[7.12,48.54],[7.07,48.52],[7.07,48.52],[7.08,48.52],[7.08,48.52],[7.1,48.52],[7.13,48.5],[7.1,48.5],[7.09,48.49],[7.09,48.49],[7.11,48.49],[7.12,48.47],[7.1,48.45],[7.11,48.44],[7.11,48.44],[7.11,48.44],[7.11,48.44],[7.1,48.43],[7.09,48.4],[7.09,48.4],[7.11,48.38],[7.11,48.38],[7.09,48.36],[7.09,48.36],[7.08,48.35],[7.08,48.35],[7.1,48.35],[7.12,48.33],[7.14,48.33],[7.14,48.33],[7.14,48.33],[7.17,48.34],[7.17,48.34],[7.18,48.33],[7.18,48.33],[7.2,48.31],[7.2,48.31],[7.19,48.3],[7.17,48.3],[7.16,48.27],[7.16,48.27],[7.16,48.27],[7.15,48.27],[7.13,48.24],[7.13,48.23],[7.11,48.2],[7.11,48.2],[7.11,48.2],[7.11,48.19],[7.08,48.18],[7.08,48.17],[7.08,48.17],[7.08,48.16],[7.06,48.14],[7.08,48.13],[7.08,48.11],[7.05,48.08],[7.03,48.08],[7.02,48.06],[7.02,48.06],[7.02,48.06],[7.01,48.04],[7.01,48.04],[7.01,48.04],[7,48.02],[6.98,48.01],[6.98,48.01],[6.94,48],[6.94,47.98],[6.94,47.98],[6.92,47.95],[6.92,47.95],[6.92,47.93],[6.93,47.92],[6.92,47.9],[6.92,47.9],[6.9,47.89],[6.91,47.88],[6.91,47.86],[6.91,47.86],[6.92,47.85],[6.92,47.85],[6.92,47.85],[6.91,47.85],[6.9,47.83],[6.9,47.83],[6.85,47.82],[6.82,47.81],[6.82,47.82],[6.79,47.83],[6.79,47.83],[6.79,47.84],[6.79,47.84],[6.78,47.85],[6.74,47.86],[6.74,47.86],[6.71,47.88],[6.7,47.88],[6.7,47.88],[6.69,47.89],[6.69,47.89],[6.69,47.89],[6.67,47.89],[6.64,47.91],[6.64,47.92],[6.61,47.94],[6.61,47.94],[6.61,47.94],[6.6,47.94],[6.6,47.94],[6.56,47.92],[6.56,47.92],[6.54,47.9],[6.54,47.9],[6.5,47.9],[6.48,47.89],[6.48,47.89],[6.43,47.94],[6.41,47.94],[6.41,47.95],[6.39,47.96],[6.36,47.96],[6.36,47.96],[6.32,47.95],[6.29,47.96],[6.26,47.95],[6.25,47.94],[6.25,47.94],[6.21,47.93],[6.21,47.93],[6.21,47.95],[6.16,47.96],[6.16,47.96],[6.16,47.96],[6.16,47.99],[6.15,48.01],[6.13,48.02],[6.13,48.02],[6.11,48.02],[6.11,48.01],[6.07,48.01],[6.02,47.99],[6.01,47.96],[5.97,47.96],[5.97,47.95],[5.97,47.95],[5.96,47.94],[5.93,47.94],[5.94,47.95],[5.94,47.95],[5.96,47.97],[5.96,47.97],[5.94,47.98],[5.92,47.97],[5.92,47.97],[5.91,47.95],[5.91,47.95],[5.88,47.93],[5.88,47.93],[5.86,47.95],[5.86,47.95],[5.85,47.97],[5.85,47.97],[5.85,47.97],[5.84,47.96],[5.79,47.95],[5.78,47.98],[5.78,47.98],[5.79,47.99],[5.79,47.99],[5.78,48.03],[5.78,48.03],[5.76,48.03],[5.74,48.05],[5.72,48.05],[5.72,48.05],[5.72,48.05],[5.7,48.08],[5.66,48.08],[5.66,48.08],[5.66,48.07],[5.63,48.08],[5.65,48.11],[5.67,48.11],[5.67,48.11],[5.66,48.13],[5.66,48.13],[5.68,48.14],[5.68,48.14],[5.69,48.16],[5.68,48.18],[5.68,48.18],[5.7,48.19],[5.73,48.19],[5.73,48.2],[5.73,48.2],[5.71,48.22],[5.71,48.22],[5.68,48.23],[5.68,48.23],[5.64,48.24],[5.65,48.25],[5.65,48.27],[5.65,48.27],[5.61,48.29],[5.61,48.29],[5.59,48.28],[5.53,48.33],[5.53,48.33],[5.52,48.34],[5.53,48.35],[5.47,48.35],[5.47,48.35],[5.42,48.33],[5.42,48.36],[5.42,48.36],[5.44,48.38],[5.44,48.38],[5.41,48.38],[5.41,48.39],[5.47,48.42],[5.47,48.42]]]}},{"type":"Feature","properties":{"nom":"Alsace","code":"42"},"geometry":{"type":"Polygon","coordinates":[[[7.2,48.31],[7.2,48.31],[7.18,48.33],[7.18,48.33],[7.17,48.34],[7.17,48.34],[7.14,48.33],[7.14,48.33],[7.14,48.33],[7.12,48.33],[7.1,48.35],[7.08,48.35],[7.08,48.35],[7.09,48.36],[7.09,48.36],[7.11,48.38],[7.11,48.38],[7.09,48.4],[7.09,48.4],[7.1,48.43],[7.11,48.44],[7.11,48.44],[7.11,48.44],[7.11,48.44],[7.1,48.45],[7.12,48.47],[7.11,48.49],[7.09,48.49],[7.09,48.49],[7.1,48.5],[7.13,48.5],[7.1,48.52],[7.08,48.52],[7.08,48.52],[7.07,48.52],[7.07,48.52],[7.12,48.54],[7.14,48.53],[7.17,48.53],[7.17,48.53],[7.17,48.53],[7.19,48.54],[7.19,48.54],[7.19,48.55],[7.22,48.55],[7.22,48.56],[7.24,48.57],[7.25,48.59],[7.26,48.59],[7.26,48.59],[7.26,48.59],[7.28,48.62],[7.27,48.63],[7.3,48.66],[7.27,48.66],[7.27,48.66],[7.26,48.67],[7.26,48.67],[7.25,48.69],[7.26,48.7],[7.26,48.7],[7.29,48.73],[7.29,48.75],[7.31,48.76],[7.31,48.77],[7.31,48.77],[7.29,48.79],[7.29,48.79],[7.27,48.8],[7.27,48.8],[7.26,48.8],[7.26,48.8],[7.26,48.8],[7.25,48.81],[7.25,48.81],[7.26,48.82],[7.26,48.82],[7.26,48.82],[7.26,48.82],[7.25,48.82],[7.25,48.82],[7.23,48.83],[7.22,48.82],[7.22,48.82],[7.2,48.83],[7.2,48.83],[7.18,48.85],[7.18,48.85],[7.17,48.84],[7.14,48.84],[7.15,48.82],[7.14,48.82],[7.14,48.82],[7.12,48.81],[7.12,48.8],[7.12,48.8],[7.1,48.8],[7.1,48.8],[7.08,48.79],[7.08,48.79],[7.07,48.8],[7.07,48.8],[7.09,48.81],[7.09,48.81],[7.05,48.81],[7.05,48.82],[7.05,48.82],[7.05,48.82],[7.05,48.84],[7.05,48.84],[7.05,48.85],[7.09,48.85],[7.09,48.85],[7.09,48.85],[7.09,48.86],[7.09,48.86],[7.05,48.86],[7.05,48.86],[7.06,48.86],[7.03,48.88],[6.99,48.89],[6.96,48.89],[6.96,48.92],[6.95,48.93],[6.95,48.93],[6.98,48.93],[6.99,48.95],[6.99,48.95],[6.99,48.95],[6.99,48.96],[6.99,48.96],[7.02,48.96],[7.02,48.96],[7.03,48.96],[7.03,48.96],[7.03,48.96],[7.04,48.98],[7.03,48.99],[7.05,49.01],[7.05,49.01],[7.05,49.03],[7.08,49.05],[7.07,49.06],[7.07,49.06],[7.07,49.07],[7.07,49.07],[7.1,49.08],[7.12,49.07],[7.1,49.06],[7.11,49.05],[7.11,49.05],[7.12,49.04],[7.12,49.04],[7.12,49.03],[7.12,49.03],[7.13,49.01],[7.17,49.01],[7.17,49.01],[7.21,48.98],[7.21,48.98],[7.21,48.98],[7.24,48.99],[7.29,48.97],[7.29,48.97],[7.31,48.96],[7.33,48.94],[7.33,48.95],[7.38,48.95],[7.38,48.95],[7.4,48.96],[7.45,48.97],[7.45,48.97],[7.45,48.96],[7.48,48.96],[7.51,48.94],[7.51,48.94],[7.54,48.93],[7.58,48.96],[7.58,48.97],[7.58,48.97],[7.59,48.98],[7.59,48.98],[7.59,48.99],[7.59,48.99],[7.61,49.01],[7.61,49.02],[7.61,49.02],[7.63,49.03],[7.64,49.05],[7.64,49.05],[7.7,49.05],[7.7,49.06],[7.74,49.04],[7.77,49.05],[7.78,49.06],[7.8,49.06],[7.85,49.04],[7.89,49.05],[7.92,49.04],[7.94,49.06],[7.98,49.03],[8,49.03],[8.09,48.99],[8.13,48.98],[8.19,48.98],[8.2,48.97],[8.22,48.98],[8.23,48.97],[8.2,48.96],[8.17,48.92],[8.14,48.9],[8.12,48.87],[8.11,48.83],[8.09,48.8],[8.06,48.79],[8.03,48.79],[8.02,48.76],[7.98,48.76],[7.97,48.75],[7.97,48.73],[7.92,48.69],[7.89,48.66],[7.85,48.65],[7.84,48.63],[7.8,48.58],[7.81,48.56],[7.81,48.51],[7.77,48.49],[7.77,48.46],[7.73,48.4],[7.74,48.37],[7.74,48.32],[7.69,48.3],[7.67,48.22],[7.64,48.2],[7.64,48.19],[7.6,48.16],[7.6,48.14],[7.58,48.12],[7.58,48.09],[7.57,48.08],[7.57,48.04],[7.58,48.02],[7.61,48],[7.62,47.97],[7.58,47.93],[7.58,47.9],[7.56,47.88],[7.56,47.84],[7.55,47.81],[7.53,47.77],[7.55,47.74],[7.55,47.73],[7.52,47.7],[7.51,47.7],[7.52,47.68],[7.52,47.66],[7.54,47.65],[7.59,47.6],[7.58,47.58],[7.55,47.56],[7.52,47.55],[7.5,47.53],[7.53,47.53],[7.5,47.52],[7.51,47.5],[7.49,47.48],[7.47,47.48],[7.46,47.49],[7.43,47.5],[7.42,47.48],[7.45,47.47],[7.43,47.46],[7.39,47.43],[7.36,47.43],[7.34,47.44],[7.3,47.44],[7.25,47.42],[7.24,47.44],[7.2,47.44],[7.17,47.45],[7.2,47.49],[7.16,47.49],[7.13,47.5],[7.14,47.53],[7.14,47.53],[7.14,47.53],[7.13,47.54],[7.13,47.54],[7.13,47.54],[7.11,47.55],[7.11,47.55],[7.11,47.55],[7.11,47.56],[7.11,47.56],[7.09,47.58],[7.09,47.58],[7.09,47.58],[7.09,47.59],[7.09,47.59],[7.07,47.6],[7.07,47.6],[7.04,47.6],[7.02,47.59],[7.02,47.59],[7.02,47.59],[7.01,47.6],[7.01,47.6],[7.01,47.61],[7.01,47.61],[7.01,47.62],[7.01,47.62],[7.01,47.63],[7.01,47.63],[7.02,47.65],[7.02,47.65],[7.02,47.65],[7.04,47.65],[7.04,47.65],[7.05,47.67],[7.04,47.68],[7.04,47.68],[7.04,47.69],[7.04,47.69],[7.04,47.69],[7.04,47.69],[7.03,47.71],[7.03,47.71],[7.04,47.72],[7.04,47.72],[7.03,47.73],[7.03,47.73],[7.02,47.74],[7.02,47.74],[7,47.75],[6.97,47.75],[6.94,47.77],[6.92,47.77],[6.92,47.77],[6.92,47.77],[6.89,47.78],[6.89,47.78],[6.86,47.78],[6.84,47.81],[6.85,47.82],[6.9,47.83],[6.9,47.83],[6.91,47.85],[6.92,47.85],[6.92,47.85],[6.92,47.85],[6.91,47.86],[6.91,47.86],[6.91,47.88],[6.9,47.89],[6.92,47.9],[6.92,47.9],[6.93,47.92],[6.92,47.93],[6.92,47.95],[6.92,47.95],[6.94,47.98],[6.94,47.98],[6.94,48],[6.98,48.01],[6.98,48.01],[7,48.02],[7.01,48.04],[7.01,48.04],[7.01,48.04],[7.02,48.06],[7.02,48.06],[7.02,48.06],[7.03,48.08],[7.05,48.08],[7.08,48.11],[7.08,48.13],[7.06,48.14],[7.08,48.16],[7.08,48.17],[7.08,48.17],[7.08,48.18],[7.11,48.19],[7.11,48.2],[7.11,48.2],[7.11,48.2],[7.13,48.23],[7.13,48.24],[7.15,48.27],[7.16,48.27],[7.16,48.27],[7.16,48.27],[7.17,48.3],[7.19,48.3],[7.2,48.31]]]}},{"type":"Feature","properties":{"nom":"Franche-Comté","code":"43"},"geometry":{"type":"MultiPolygon","coordinates":[[[[6.06,46.42],[6.06,46.42],[6.06,46.42],[6.03,46.39],[5.98,46.36],[5.98,46.35],[5.94,46.31],[5.94,46.31],[5.94,46.31],[5.92,46.31],[5.91,46.28],[5.89,46.29],[5.87,46.26],[5.87,46.27],[5.85,46.26],[5.81,46.26],[5.77,46.27],[5.73,46.26],[5.73,46.26],[5.73,46.26],[5.72,46.26],[5.72,46.29],[5.71,46.31],[5.68,46.31],[5.68,46.32],[5.68,46.32],[5.65,46.32],[5.65,46.34],[5.65,46.34],[5.64,46.33],[5.61,46.33],[5.6,46.31],[5.6,46.31],[5.59,46.29],[5.56,46.29],[5.56,46.29],[5.56,46.28],[5.51,46.26],[5.5,46.27],[5.5,46.27],[5.47,46.27],[5.47,46.32],[5.47,46.32],[5.44,46.32],[5.44,46.32],[5.42,46.35],[5.41,46.31],[5.41,46.31],[5.4,46.32],[5.4,46.32],[5.4,46.34],[5.37,46.35],[5.38,46.36],[5.38,46.36],[5.37,46.37],[5.38,46.38],[5.38,46.38],[5.37,46.39],[5.37,46.39],[5.31,46.41],[5.31,46.41],[5.31,46.42],[5.31,46.42],[5.32,46.43],[5.31,46.45],[5.31,46.45],[5.32,46.46],[5.32,46.46],[5.38,46.46],[5.39,46.47],[5.39,46.47],[5.42,46.48],[5.42,46.48],[5.42,46.48],[5.42,46.5],[5.39,46.51],[5.38,46.52],[5.36,46.52],[5.36,46.52],[5.36,46.52],[5.36,46.55],[5.36,46.55],[5.36,46.56],[5.36,46.56],[5.36,46.58],[5.36,46.58],[5.4,46.58],[5.4,46.58],[5.41,46.6],[5.4,46.61],[5.4,46.61],[5.41,46.61],[5.41,46.61],[5.43,46.63],[5.43,46.63],[5.44,46.64],[5.42,46.66],[5.42,46.66],[5.42,46.66],[5.42,46.67],[5.42,46.67],[5.4,46.68],[5.41,46.7],[5.41,46.7],[5.41,46.7],[5.39,46.73],[5.39,46.73],[5.36,46.73],[5.37,46.75],[5.37,46.75],[5.39,46.77],[5.39,46.77],[5.37,46.78],[5.37,46.78],[5.34,46.79],[5.33,46.81],[5.33,46.81],[5.34,46.82],[5.34,46.82],[5.38,46.83],[5.38,46.83],[5.38,46.83],[5.41,46.83],[5.41,46.83],[5.41,46.83],[5.46,46.83],[5.46,46.83],[5.46,46.86],[5.45,46.86],[5.45,46.86],[5.44,46.85],[5.43,46.86],[5.43,46.86],[5.43,46.86],[5.4,46.87],[5.4,46.89],[5.39,46.89],[5.39,46.89],[5.39,46.89],[5.38,46.89],[5.38,46.89],[5.34,46.88],[5.33,46.9],[5.31,46.91],[5.31,46.91],[5.31,46.92],[5.31,46.92],[5.31,46.94],[5.29,46.94],[5.29,46.94],[5.26,46.93],[5.26,46.93],[5.25,46.94],[5.26,46.95],[5.26,46.95],[5.26,46.98],[5.27,46.99],[5.27,46.99],[5.28,47],[5.28,47],[5.32,47.01],[5.32,47.02],[5.28,47.03],[5.28,47.03],[5.28,47.03],[5.28,47.05],[5.3,47.06],[5.3,47.06],[5.3,47.06],[5.33,47.08],[5.36,47.08],[5.36,47.08],[5.36,47.08],[5.38,47.08],[5.39,47.09],[5.39,47.09],[5.4,47.09],[5.41,47.12],[5.41,47.12],[5.41,47.13],[5.41,47.13],[5.41,47.13],[5.44,47.15],[5.44,47.15],[5.45,47.16],[5.45,47.16],[5.45,47.16],[5.46,47.18],[5.45,47.2],[5.45,47.2],[5.47,47.21],[5.47,47.21],[5.48,47.22],[5.48,47.24],[5.48,47.24],[5.48,47.26],[5.48,47.26],[5.49,47.28],[5.49,47.28],[5.49,47.29],[5.49,47.29],[5.51,47.28],[5.52,47.3],[5.52,47.3],[5.51,47.31],[5.51,47.31],[5.48,47.31],[5.47,47.32],[5.47,47.32],[5.49,47.33],[5.49,47.37],[5.49,47.37],[5.5,47.39],[5.45,47.38],[5.43,47.39],[5.44,47.41],[5.43,47.42],[5.44,47.45],[5.44,47.45],[5.41,47.46],[5.41,47.46],[5.38,47.45],[5.38,47.45],[5.38,47.47],[5.4,47.48],[5.4,47.48],[5.39,47.48],[5.39,47.48],[5.4,47.5],[5.4,47.5],[5.43,47.5],[5.44,47.49],[5.44,47.49],[5.45,47.5],[5.45,47.5],[5.47,47.53],[5.49,47.53],[5.49,47.53],[5.5,47.55],[5.5,47.55],[5.48,47.57],[5.49,47.58],[5.48,47.61],[5.47,47.61],[5.47,47.61],[5.44,47.63],[5.42,47.63],[5.4,47.6],[5.4,47.6],[5.37,47.6],[5.37,47.62],[5.4,47.65],[5.4,47.65],[5.4,47.65],[5.42,47.68],[5.43,47.67],[5.47,47.67],[5.48,47.68],[5.48,47.68],[5.51,47.68],[5.53,47.67],[5.57,47.7],[5.57,47.71],[5.57,47.71],[5.58,47.7],[5.58,47.7],[5.6,47.67],[5.61,47.68],[5.65,47.68],[5.65,47.68],[5.66,47.68],[5.66,47.68],[5.66,47.68],[5.69,47.69],[5.69,47.69],[5.69,47.69],[5.68,47.71],[5.69,47.72],[5.69,47.72],[5.69,47.72],[5.69,47.73],[5.69,47.73],[5.69,47.74],[5.71,47.74],[5.71,47.76],[5.71,47.76],[5.68,47.78],[5.68,47.78],[5.68,47.78],[5.69,47.82],[5.71,47.82],[5.71,47.82],[5.73,47.82],[5.73,47.82],[5.75,47.82],[5.74,47.85],[5.76,47.86],[5.76,47.86],[5.8,47.86],[5.8,47.85],[5.8,47.85],[5.83,47.85],[5.83,47.85],[5.82,47.87],[5.85,47.9],[5.85,47.9],[5.85,47.91],[5.88,47.9],[5.89,47.91],[5.89,47.91],[5.89,47.91],[5.88,47.93],[5.91,47.95],[5.91,47.95],[5.92,47.97],[5.92,47.97],[5.94,47.98],[5.96,47.97],[5.96,47.97],[5.94,47.95],[5.94,47.95],[5.93,47.94],[5.96,47.94],[5.97,47.95],[5.97,47.95],[5.97,47.96],[6.01,47.96],[6.02,47.99],[6.07,48.01],[6.11,48.01],[6.11,48.02],[6.13,48.02],[6.13,48.02],[6.15,48.01],[6.16,47.99],[6.16,47.96],[6.16,47.96],[6.16,47.96],[6.21,47.95],[6.21,47.93],[6.21,47.93],[6.25,47.94],[6.25,47.94],[6.26,47.95],[6.29,47.96],[6.32,47.95],[6.36,47.96],[6.36,47.96],[6.39,47.96],[6.41,47.95],[6.41,47.94],[6.43,47.94],[6.48,47.89],[6.48,47.89],[6.5,47.9],[6.54,47.9],[6.54,47.9],[6.56,47.92],[6.56,47.92],[6.6,47.94],[6.6,47.94],[6.61,47.94],[6.61,47.94],[6.61,47.94],[6.64,47.92],[6.64,47.91],[6.67,47.89],[6.69,47.89],[6.69,47.89],[6.69,47.89],[6.7,47.88],[6.7,47.88],[6.71,47.88],[6.74,47.86],[6.74,47.86],[6.78,47.85],[6.79,47.84],[6.79,47.84],[6.79,47.83],[6.79,47.83],[6.82,47.82],[6.82,47.81],[6.85,47.82],[6.84,47.81],[6.86,47.78],[6.89,47.78],[6.89,47.78],[6.92,47.77],[6.92,47.77],[6.92,47.77],[6.94,47.77],[6.97,47.75],[7,47.75],[7.02,47.74],[7.02,47.74],[7.03,47.73],[7.03,47.73],[7.04,47.72],[7.04,47.72],[7.03,47.71],[7.03,47.71],[7.04,47.69],[7.04,47.69],[7.04,47.69],[7.04,47.69],[7.04,47.68],[7.04,47.68],[7.05,47.67],[7.04,47.65],[7.04,47.65],[7.02,47.65],[7.02,47.65],[7.02,47.65],[7.01,47.63],[7.01,47.63],[7.01,47.62],[7.01,47.62],[7.01,47.61],[7.01,47.61],[7.01,47.6],[7.01,47.6],[7.02,47.59],[7.02,47.59],[7.02,47.59],[7.04,47.6],[7.07,47.6],[7.07,47.6],[7.09,47.59],[7.09,47.59],[7.09,47.58],[7.09,47.58],[7.09,47.58],[7.11,47.56],[7.11,47.56],[7.11,47.55],[7.11,47.55],[7.11,47.55],[7.13,47.54],[7.13,47.54],[7.13,47.54],[7.14,47.53],[7.14,47.53],[7.14,47.53],[7.13,47.5],[7.13,47.5],[7.11,47.49],[7.1,47.5],[7.08,47.49],[7.02,47.5],[6.99,47.49],[6.99,47.47],[7,47.45],[6.97,47.45],[6.94,47.43],[6.94,47.41],[6.92,47.41],[6.9,47.38],[6.89,47.38],[6.88,47.35],[6.9,47.36],[7,47.36],[7.03,47.37],[7.06,47.34],[7.05,47.33],[7.01,47.33],[7.02,47.32],[7.01,47.3],[6.98,47.3],[6.97,47.29],[6.94,47.29],[6.95,47.27],[6.95,47.25],[6.9,47.21],[6.89,47.21],[6.87,47.18],[6.85,47.17],[6.85,47.16],[6.83,47.14],[6.76,47.12],[6.74,47.11],[6.74,47.09],[6.71,47.09],[6.7,47.07],[6.72,47.05],[6.68,47.04],[6.65,47.02],[6.62,46.99],[6.58,46.99],[6.56,46.98],[6.47,46.96],[6.44,46.93],[6.43,46.93],[6.44,46.91],[6.46,46.89],[6.46,46.85],[6.44,46.83],[6.44,46.8],[6.46,46.79],[6.43,46.76],[6.4,46.75],[6.39,46.73],[6.37,46.72],[6.3,46.7],[6.3,46.69],[6.27,46.68],[6.21,46.64],[6.18,46.61],[6.16,46.61],[6.11,46.58],[6.13,46.56],[6.16,46.55],[6.15,46.53],[6.12,46.52],[6.1,46.48],[6.07,46.46],[6.09,46.44],[6.06,46.42]]],[[[5.44,46.85],[5.44,46.85],[5.44,46.85],[5.44,46.85],[5.44,46.85],[5.44,46.85],[5.44,46.85],[5.44,46.85],[5.44,46.85],[5.44,46.85],[5.44,46.85],[5.44,46.85],[5.44,46.85],[5.44,46.85]]]]}},{"type":"Feature","properties":{"nom":"Pays de la Loire","code":"52"},"geometry":{"type":"MultiPolygon","coordinates":[[[[-2.46,47.45],[-2.43,47.48],[-2.41,47.46],[-2.32,47.46],[-2.3,47.5],[-2.3,47.52],[-2.3,47.52],[-2.28,47.51],[-2.26,47.51],[-2.26,47.51],[-2.24,47.49],[-2.22,47.51],[-2.2,47.51],[-2.2,47.51],[-2.19,47.49],[-2.16,47.49],[-2.15,47.51],[-2.16,47.52],[-2.1,47.53],[-2.1,47.57],[-2.1,47.57],[-2.1,47.58],[-2.1,47.58],[-2.1,47.6],[-2.08,47.61],[-2.1,47.63],[-2.08,47.65],[-2.05,47.65],[-2.04,47.67],[-2.04,47.67],[-2.01,47.67],[-1.97,47.69],[-1.97,47.69],[-1.97,47.69],[-1.96,47.67],[-1.96,47.67],[-1.94,47.69],[-1.86,47.71],[-1.84,47.71],[-1.84,47.71],[-1.77,47.7],[-1.75,47.71],[-1.73,47.7],[-1.73,47.7],[-1.71,47.71],[-1.66,47.71],[-1.64,47.72],[-1.64,47.72],[-1.64,47.72],[-1.64,47.74],[-1.63,47.76],[-1.63,47.76],[-1.6,47.76],[-1.59,47.78],[-1.59,47.78],[-1.53,47.78],[-1.51,47.8],[-1.47,47.8],[-1.47,47.82],[-1.48,47.83],[-1.48,47.83],[-1.48,47.83],[-1.41,47.83],[-1.41,47.83],[-1.41,47.83],[-1.41,47.83],[-1.39,47.83],[-1.37,47.81],[-1.37,47.81],[-1.34,47.79],[-1.25,47.78],[-1.25,47.78],[-1.24,47.8],[-1.24,47.8],[-1.24,47.81],[-1.22,47.82],[-1.22,47.82],[-1.22,47.86],[-1.21,47.86],[-1.21,47.86],[-1.19,47.87],[-1.19,47.87],[-1.2,47.88],[-1.18,47.9],[-1.18,47.9],[-1.16,47.94],[-1.16,47.94],[-1.15,47.97],[-1.15,47.97],[-1.13,47.97],[-1.12,47.99],[-1.08,47.99],[-1.07,47.98],[-1.07,47.98],[-1.05,47.98],[-1.02,48],[-1.02,48.02],[-1.03,48.03],[-1.03,48.06],[-1.03,48.06],[-1.05,48.09],[-1.05,48.09],[-1.06,48.12],[-1.06,48.15],[-1.07,48.16],[-1.07,48.16],[-1.08,48.18],[-1.08,48.18],[-1.07,48.2],[-1.08,48.22],[-1.08,48.22],[-1.1,48.25],[-1.1,48.27],[-1.07,48.31],[-1.06,48.31],[-1.06,48.31],[-1.05,48.34],[-1.06,48.34],[-1.06,48.37],[-1.06,48.37],[-1.06,48.38],[-1.06,48.38],[-1.06,48.4],[-1.08,48.41],[-1.08,48.42],[-1.08,48.42],[-1.08,48.42],[-1.07,48.45],[-1.07,48.45],[-1.08,48.49],[-1.07,48.51],[-1.07,48.51],[-1.06,48.52],[-1.01,48.49],[-0.97,48.49],[-0.95,48.52],[-0.9,48.49],[-0.86,48.5],[-0.86,48.5],[-0.85,48.5],[-0.82,48.47],[-0.82,48.47],[-0.81,48.45],[-0.78,48.47],[-0.77,48.44],[-0.76,48.44],[-0.76,48.44],[-0.72,48.45],[-0.74,48.46],[-0.73,48.47],[-0.73,48.47],[-0.7,48.47],[-0.7,48.47],[-0.69,48.47],[-0.69,48.47],[-0.67,48.48],[-0.67,48.49],[-0.65,48.46],[-0.65,48.44],[-0.59,48.47],[-0.59,48.47],[-0.57,48.47],[-0.57,48.47],[-0.55,48.47],[-0.54,48.49],[-0.51,48.51],[-0.51,48.51],[-0.48,48.5],[-0.48,48.5],[-0.45,48.51],[-0.45,48.51],[-0.43,48.51],[-0.43,48.51],[-0.4,48.51],[-0.4,48.51],[-0.39,48.5],[-0.39,48.5],[-0.35,48.48],[-0.35,48.5],[-0.34,48.5],[-0.32,48.52],[-0.31,48.52],[-0.31,48.52],[-0.29,48.52],[-0.29,48.52],[-0.29,48.51],[-0.27,48.51],[-0.27,48.52],[-0.24,48.54],[-0.26,48.55],[-0.26,48.55],[-0.25,48.57],[-0.23,48.56],[-0.2,48.56],[-0.2,48.56],[-0.19,48.55],[-0.19,48.55],[-0.18,48.54],[-0.14,48.53],[-0.17,48.51],[-0.17,48.5],[-0.17,48.5],[-0.16,48.49],[-0.16,48.49],[-0.16,48.49],[-0.15,48.48],[-0.15,48.48],[-0.14,48.45],[-0.14,48.45],[-0.08,48.45],[-0.07,48.46],[-0.05,48.45],[-0.05,48.45],[-0.05,48.43],[-0.06,48.43],[-0.06,48.43],[-0.05,48.39],[-0.05,48.39],[-0.05,48.38],[-0.05,48.38],[-0.05,48.38],[-0.02,48.39],[-0.02,48.39],[0,48.4],[0,48.4],[0.02,48.38],[0.02,48.38],[0.04,48.38],[0.04,48.38],[0.08,48.41],[0.08,48.41],[0.08,48.41],[0.1,48.41],[0.12,48.44],[0.12,48.44],[0.13,48.43],[0.15,48.44],[0.15,48.44],[0.15,48.45],[0.15,48.45],[0.17,48.45],[0.17,48.45],[0.17,48.46],[0.17,48.46],[0.19,48.46],[0.19,48.46],[0.19,48.46],[0.22,48.47],[0.22,48.47],[0.26,48.48],[0.26,48.48],[0.26,48.48],[0.28,48.48],[0.28,48.48],[0.31,48.47],[0.31,48.47],[0.34,48.46],[0.34,48.46],[0.35,48.46],[0.35,48.46],[0.35,48.46],[0.37,48.44],[0.37,48.44],[0.38,48.43],[0.38,48.39],[0.38,48.39],[0.38,48.37],[0.38,48.37],[0.39,48.35],[0.39,48.35],[0.38,48.34],[0.38,48.34],[0.38,48.33],[0.4,48.32],[0.43,48.32],[0.43,48.31],[0.43,48.31],[0.44,48.3],[0.46,48.31],[0.48,48.3],[0.49,48.31],[0.51,48.29],[0.49,48.28],[0.53,48.27],[0.53,48.27],[0.54,48.25],[0.54,48.25],[0.57,48.24],[0.64,48.24],[0.64,48.24],[0.63,48.25],[0.63,48.25],[0.64,48.26],[0.68,48.26],[0.68,48.25],[0.72,48.21],[0.72,48.2],[0.72,48.2],[0.73,48.2],[0.75,48.18],[0.76,48.18],[0.76,48.18],[0.8,48.19],[0.8,48.19],[0.83,48.17],[0.83,48.17],[0.84,48.17],[0.84,48.17],[0.86,48.17],[0.91,48.15],[0.91,48.15],[0.91,48.14],[0.91,48.14],[0.85,48.13],[0.86,48.12],[0.84,48.1],[0.84,48.1],[0.82,48.09],[0.85,48.09],[0.84,48.07],[0.84,48.07],[0.79,48.07],[0.79,48.05],[0.81,48.03],[0.84,48.03],[0.84,48.01],[0.82,47.99],[0.82,47.98],[0.84,47.97],[0.85,47.94],[0.85,47.94],[0.81,47.92],[0.82,47.89],[0.79,47.91],[0.79,47.91],[0.76,47.9],[0.76,47.9],[0.76,47.86],[0.77,47.85],[0.77,47.85],[0.77,47.83],[0.76,47.83],[0.76,47.83],[0.73,47.81],[0.73,47.81],[0.71,47.79],[0.71,47.79],[0.69,47.78],[0.7,47.77],[0.69,47.76],[0.67,47.77],[0.67,47.77],[0.65,47.75],[0.65,47.75],[0.62,47.75],[0.61,47.73],[0.61,47.73],[0.61,47.73],[0.58,47.71],[0.58,47.71],[0.6,47.69],[0.6,47.69],[0.61,47.69],[0.61,47.69],[0.59,47.67],[0.56,47.67],[0.56,47.67],[0.56,47.66],[0.53,47.65],[0.52,47.66],[0.5,47.64],[0.49,47.65],[0.46,47.64],[0.46,47.64],[0.45,47.62],[0.43,47.62],[0.43,47.62],[0.4,47.64],[0.38,47.64],[0.38,47.64],[0.36,47.62],[0.4,47.59],[0.4,47.59],[0.4,47.58],[0.4,47.58],[0.37,47.57],[0.34,47.58],[0.34,47.58],[0.32,47.6],[0.28,47.6],[0.26,47.61],[0.23,47.61],[0.23,47.61],[0.23,47.58],[0.23,47.58],[0.21,47.57],[0.2,47.54],[0.21,47.53],[0.21,47.53],[0.22,47.53],[0.22,47.5],[0.2,47.49],[0.2,47.48],[0.2,47.48],[0.18,47.46],[0.18,47.43],[0.19,47.43],[0.16,47.4],[0.18,47.38],[0.15,47.36],[0.14,47.36],[0.14,47.36],[0.14,47.34],[0.14,47.34],[0.12,47.33],[0.12,47.33],[0.08,47.29],[0.09,47.28],[0.09,47.28],[0.08,47.27],[0.08,47.27],[0.08,47.25],[0.07,47.24],[0.07,47.21],[0.07,47.21],[0.05,47.2],[0.06,47.19],[0.05,47.16],[0.05,47.17],[0.03,47.16],[0.02,47.17],[-0.01,47.16],[-0.04,47.11],[-0.04,47.11],[-0.04,47.09],[-0.04,47.09],[-0.04,47.09],[-0.07,47.09],[-0.09,47.1],[-0.09,47.1],[-0.1,47.09],[-0.1,47.09],[-0.1,47.06],[-0.13,47.05],[-0.13,47.06],[-0.17,47.07],[-0.17,47.07],[-0.18,47.07],[-0.14,47.1],[-0.14,47.1],[-0.19,47.11],[-0.19,47.11],[-0.21,47.1],[-0.24,47.11],[-0.26,47.1],[-0.29,47.1],[-0.31,47.09],[-0.34,47.09],[-0.34,47.09],[-0.36,47.09],[-0.36,47.09],[-0.39,47.09],[-0.39,47.09],[-0.4,47.07],[-0.46,47.07],[-0.48,47.05],[-0.48,47.07],[-0.46,47.08],[-0.46,47.08],[-0.52,47.08],[-0.52,47.08],[-0.56,47.06],[-0.56,47.06],[-0.56,47.05],[-0.54,47.04],[-0.56,47.03],[-0.58,47.01],[-0.6,47],[-0.6,47],[-0.6,47],[-0.65,46.99],[-0.67,47],[-0.68,46.99],[-0.68,46.99],[-0.68,46.99],[-0.7,46.99],[-0.7,46.99],[-0.73,47],[-0.76,46.99],[-0.79,47.01],[-0.81,46.99],[-0.81,46.99],[-0.81,46.99],[-0.82,46.99],[-0.82,46.99],[-0.85,46.99],[-0.86,46.97],[-0.89,46.98],[-0.9,46.97],[-0.9,46.97],[-0.9,46.97],[-0.87,46.96],[-0.88,46.95],[-0.88,46.95],[-0.88,46.95],[-0.85,46.94],[-0.85,46.94],[-0.81,46.92],[-0.81,46.91],[-0.83,46.88],[-0.82,46.88],[-0.79,46.85],[-0.79,46.85],[-0.76,46.83],[-0.76,46.83],[-0.71,46.82],[-0.71,46.82],[-0.7,46.81],[-0.7,46.81],[-0.7,46.81],[-0.72,46.8],[-0.73,46.77],[-0.72,46.75],[-0.7,46.75],[-0.7,46.75],[-0.69,46.73],[-0.67,46.72],[-0.66,46.7],[-0.66,46.7],[-0.68,46.69],[-0.66,46.68],[-0.64,46.66],[-0.64,46.66],[-0.65,46.66],[-0.66,46.63],[-0.63,46.64],[-0.61,46.62],[-0.63,46.61],[-0.62,46.59],[-0.62,46.56],[-0.61,46.56],[-0.61,46.56],[-0.6,46.54],[-0.6,46.54],[-0.6,46.53],[-0.63,46.53],[-0.64,46.52],[-0.64,46.52],[-0.63,46.5],[-0.63,46.5],[-0.63,46.5],[-0.63,46.48],[-0.61,46.45],[-0.61,46.45],[-0.64,46.42],[-0.62,46.39],[-0.62,46.39],[-0.61,46.41],[-0.57,46.4],[-0.57,46.39],[-0.54,46.39],[-0.54,46.39],[-0.56,46.36],[-0.56,46.36],[-0.6,46.36],[-0.64,46.33],[-0.64,46.32],[-0.64,46.32],[-0.65,46.32],[-0.65,46.32],[-0.72,46.32],[-0.72,46.31],[-0.72,46.31],[-0.73,46.3],[-0.75,46.3],[-0.75,46.31],[-0.78,46.32],[-0.78,46.32],[-0.81,46.33],[-0.8,46.34],[-0.8,46.34],[-0.83,46.34],[-0.83,46.34],[-0.85,46.33],[-0.84,46.32],[-0.87,46.32],[-0.89,46.33],[-0.91,46.31],[-0.96,46.32],[-0.93,46.36],[-0.93,46.36],[-0.96,46.37],[-0.98,46.35],[-1.02,46.35],[-1.05,46.34],[-1.06,46.35],[-1.08,46.32],[-1.08,46.32],[-1.1,46.31],[-1.12,46.32],[-1.12,46.32],[-1.13,46.31],[-1.15,46.32],[-1.2,46.32],[-1.2,46.3],[-1.21,46.27],[-1.22,46.27],[-1.3,46.32],[-1.3,46.29],[-1.32,46.33],[-1.36,46.35],[-1.36,46.34],[-1.4,46.34],[-1.42,46.35],[-1.44,46.34],[-1.47,46.34],[-1.48,46.37],[-1.51,46.4],[-1.54,46.41],[-1.62,46.41],[-1.65,46.42],[-1.65,46.43],[-1.71,46.45],[-1.76,46.48],[-1.77,46.49],[-1.81,46.49],[-1.82,46.52],[-1.85,46.58],[-1.86,46.61],[-1.88,46.63],[-1.9,46.64],[-1.92,46.67],[-1.94,46.69],[-1.97,46.69],[-1.98,46.72],[-2.05,46.77],[-2.06,46.77],[-2.14,46.82],[-2.15,46.86],[-2.15,46.89],[-2.12,46.89],[-2.12,46.91],[-2.07,46.94],[-2.04,46.98],[-2.03,47.01],[-1.98,47.03],[-2,47.06],[-2.03,47.07],[-2.05,47.09],[-2.1,47.11],[-2.15,47.11],[-2.17,47.12],[-2.21,47.12],[-2.24,47.14],[-2.21,47.16],[-2.17,47.16],[-2.16,47.19],[-2.16,47.21],[-2.18,47.24],[-2.17,47.24],[-2.17,47.27],[-2.13,47.27],[-2.06,47.28],[-2.05,47.29],[-2.01,47.29],[-2.01,47.31],[-2.02,47.32],[-2.03,47.3],[-2.04,47.31],[-2.11,47.31],[-2.17,47.29],[-2.18,47.28],[-2.22,47.27],[-2.23,47.26],[-2.29,47.23],[-2.3,47.24],[-2.34,47.25],[-2.35,47.27],[-2.4,47.28],[-2.42,47.27],[-2.42,47.26],[-2.45,47.26],[-2.46,47.27],[-2.49,47.28],[-2.55,47.29],[-2.54,47.3],[-2.51,47.3],[-2.5,47.32],[-2.52,47.36],[-2.56,47.37],[-2.56,47.38],[-2.53,47.38],[-2.47,47.42],[-2.46,47.41],[-2.43,47.41],[-2.43,47.42],[-2.45,47.43],[-2.46,47.45]]],[[[-2.3,46.99],[-2.29,47.01],[-2.3,47.02],[-2.26,47.03],[-2.22,47.01],[-2.23,46.99],[-2.22,46.97],[-2.16,46.95],[-2.15,46.94],[-2.15,46.9],[-2.16,46.9],[-2.19,46.95],[-2.22,46.96],[-2.27,46.96],[-2.28,46.98],[-2.3,46.99]]],[[[-2.3,46.71],[-2.28,46.69],[-2.31,46.7],[-2.32,46.69],[-2.35,46.69],[-2.36,46.7],[-2.38,46.7],[-2.4,46.73],[-2.35,46.73],[-2.3,46.71]]]]}},{"type":"Feature","properties":{"nom":"Bretagne","code":"53"},"geometry":{"type":"MultiPolygon","coordinates":[[[[-3.58,48.79],[-3.57,48.8],[-3.56,48.79],[-3.54,48.8],[-3.54,48.82],[-3.49,48.83],[-3.48,48.84],[-3.46,48.82],[-3.43,48.82],[-3.44,48.8],[-3.39,48.8],[-3.39,48.81],[-3.35,48.82],[-3.32,48.84],[-3.3,48.83],[-3.28,48.84],[-3.26,48.83],[-3.24,48.86],[-3.22,48.87],[-3.2,48.83],[-3.21,48.81],[-3.24,48.79],[-3.22,48.78],[-3.22,48.8],[-3.2,48.82],[-3.19,48.84],[-3.17,48.84],[-3.1,48.87],[-3.08,48.85],[-3.1,48.83],[-3.08,48.83],[-3.11,48.78],[-3.12,48.78],[-3.12,48.76],[-3.1,48.78],[-3.09,48.78],[-3.09,48.81],[-3.07,48.82],[-3.01,48.82],[-3.01,48.8],[-3.05,48.79],[-3.02,48.78],[-2.99,48.76],[-2.96,48.76],[-2.96,48.77],[-2.94,48.76],[-2.94,48.73],[-2.89,48.7],[-2.88,48.67],[-2.86,48.68],[-2.84,48.66],[-2.82,48.62],[-2.82,48.59],[-2.79,48.58],[-2.78,48.59],[-2.77,48.57],[-2.72,48.55],[-2.72,48.53],[-2.68,48.49],[-2.68,48.53],[-2.63,48.52],[-2.63,48.54],[-2.6,48.55],[-2.58,48.58],[-2.55,48.6],[-2.53,48.6],[-2.47,48.62],[-2.48,48.64],[-2.42,48.65],[-2.42,48.63],[-2.35,48.66],[-2.32,48.68],[-2.29,48.66],[-2.31,48.63],[-2.33,48.63],[-2.33,48.62],[-2.31,48.61],[-2.29,48.63],[-2.25,48.64],[-2.25,48.62],[-2.21,48.59],[-2.21,48.58],[-2.18,48.6],[-2.19,48.58],[-2.16,48.58],[-2.17,48.6],[-2.15,48.62],[-2.12,48.6],[-2.15,48.63],[-2.13,48.64],[-2.09,48.63],[-2.08,48.64],[-2.05,48.64],[-2.03,48.62],[-2.02,48.59],[-2,48.59],[-2,48.57],[-1.99,48.55],[-1.97,48.54],[-1.99,48.52],[-1.95,48.52],[-1.95,48.54],[-1.97,48.54],[-1.96,48.56],[-1.98,48.58],[-1.96,48.58],[-1.96,48.59],[-2,48.59],[-2.01,48.62],[-2.03,48.64],[-1.99,48.66],[-1.98,48.68],[-1.95,48.68],[-1.93,48.7],[-1.93,48.69],[-1.9,48.69],[-1.89,48.7],[-1.85,48.71],[-1.85,48.69],[-1.84,48.68],[-1.86,48.67],[-1.87,48.64],[-1.86,48.62],[-1.8,48.61],[-1.77,48.6],[-1.67,48.61],[-1.64,48.61],[-1.58,48.63],[-1.57,48.63],[-1.57,48.61],[-1.55,48.61],[-1.55,48.61],[-1.54,48.6],[-1.54,48.58],[-1.53,48.58],[-1.53,48.58],[-1.52,48.57],[-1.53,48.55],[-1.52,48.53],[-1.52,48.53],[-1.5,48.51],[-1.5,48.51],[-1.5,48.51],[-1.49,48.49],[-1.49,48.49],[-1.47,48.49],[-1.47,48.49],[-1.45,48.49],[-1.43,48.46],[-1.4,48.46],[-1.4,48.46],[-1.37,48.46],[-1.35,48.47],[-1.34,48.49],[-1.33,48.49],[-1.33,48.49],[-1.32,48.5],[-1.32,48.5],[-1.29,48.51],[-1.29,48.51],[-1.28,48.51],[-1.28,48.51],[-1.27,48.53],[-1.27,48.53],[-1.25,48.54],[-1.25,48.54],[-1.25,48.54],[-1.21,48.54],[-1.21,48.54],[-1.19,48.53],[-1.19,48.53],[-1.16,48.52],[-1.12,48.52],[-1.12,48.52],[-1.1,48.51],[-1.07,48.51],[-1.07,48.51],[-1.08,48.49],[-1.07,48.45],[-1.07,48.45],[-1.08,48.42],[-1.08,48.42],[-1.08,48.42],[-1.08,48.41],[-1.06,48.4],[-1.06,48.38],[-1.06,48.38],[-1.06,48.37],[-1.06,48.37],[-1.06,48.34],[-1.05,48.34],[-1.06,48.31],[-1.06,48.31],[-1.07,48.31],[-1.1,48.27],[-1.1,48.25],[-1.08,48.22],[-1.08,48.22],[-1.07,48.2],[-1.08,48.18],[-1.08,48.18],[-1.07,48.16],[-1.07,48.16],[-1.06,48.15],[-1.06,48.12],[-1.05,48.09],[-1.05,48.09],[-1.03,48.06],[-1.03,48.06],[-1.03,48.03],[-1.02,48.02],[-1.02,48],[-1.05,47.98],[-1.07,47.98],[-1.07,47.98],[-1.08,47.99],[-1.12,47.99],[-1.13,47.97],[-1.15,47.97],[-1.15,47.97],[-1.16,47.94],[-1.16,47.94],[-1.18,47.9],[-1.18,47.9],[-1.2,47.88],[-1.19,47.87],[-1.19,47.87],[-1.21,47.86],[-1.21,47.86],[-1.22,47.86],[-1.22,47.82],[-1.22,47.82],[-1.24,47.81],[-1.24,47.8],[-1.24,47.8],[-1.25,47.78],[-1.25,47.78],[-1.34,47.79],[-1.37,47.81],[-1.37,47.81],[-1.39,47.83],[-1.41,47.83],[-1.41,47.83],[-1.41,47.83],[-1.41,47.83],[-1.48,47.83],[-1.48,47.83],[-1.48,47.83],[-1.47,47.82],[-1.47,47.8],[-1.51,47.8],[-1.53,47.78],[-1.59,47.78],[-1.59,47.78],[-1.6,47.76],[-1.63,47.76],[-1.63,47.76],[-1.64,47.74],[-1.64,47.72],[-1.64,47.72],[-1.64,47.72],[-1.66,47.71],[-1.71,47.71],[-1.73,47.7],[-1.73,47.7],[-1.75,47.71],[-1.77,47.7],[-1.84,47.71],[-1.84,47.71],[-1.86,47.71],[-1.94,47.69],[-1.96,47.67],[-1.96,47.67],[-1.97,47.69],[-1.97,47.69],[-1.97,47.69],[-2.01,47.67],[-2.04,47.67],[-2.04,47.67],[-2.05,47.65],[-2.08,47.65],[-2.1,47.63],[-2.08,47.61],[-2.1,47.6],[-2.1,47.58],[-2.1,47.58],[-2.1,47.57],[-2.1,47.57],[-2.1,47.53],[-2.16,47.52],[-2.15,47.51],[-2.16,47.49],[-2.19,47.49],[-2.2,47.51],[-2.2,47.51],[-2.22,47.51],[-2.24,47.49],[-2.26,47.51],[-2.26,47.51],[-2.28,47.51],[-2.3,47.52],[-2.3,47.52],[-2.3,47.5],[-2.32,47.46],[-2.41,47.46],[-2.43,47.48],[-2.46,47.45],[-2.48,47.44],[-2.5,47.46],[-2.49,47.47],[-2.5,47.49],[-2.42,47.49],[-2.52,47.53],[-2.54,47.53],[-2.56,47.51],[-2.58,47.52],[-2.6,47.52],[-2.62,47.51],[-2.64,47.52],[-2.66,47.52],[-2.68,47.49],[-2.73,47.51],[-2.75,47.5],[-2.78,47.5],[-2.79,47.49],[-2.82,47.49],[-2.85,47.5],[-2.85,47.52],[-2.89,47.54],[-2.91,47.54],[-2.91,47.56],[-2.88,47.56],[-2.87,47.55],[-2.82,47.55],[-2.8,47.54],[-2.79,47.55],[-2.77,47.54],[-2.73,47.54],[-2.73,47.56],[-2.72,47.57],[-2.72,47.6],[-2.74,47.6],[-2.77,47.62],[-2.75,47.62],[-2.76,47.64],[-2.78,47.63],[-2.78,47.62],[-2.86,47.62],[-2.86,47.6],[-2.89,47.6],[-2.89,47.58],[-2.9,47.58],[-2.92,47.6],[-2.94,47.59],[-2.95,47.62],[-2.94,47.63],[-2.96,47.63],[-2.97,47.66],[-2.98,47.66],[-2.96,47.62],[-2.96,47.58],[-2.93,47.56],[-2.97,47.56],[-2.99,47.58],[-3.01,47.57],[-3.02,47.59],[-3.03,47.59],[-3.02,47.57],[-3.05,47.58],[-3.05,47.57],[-3.1,47.57],[-3.1,47.58],[-3.13,47.6],[-3.13,47.51],[-3.09,47.47],[-3.14,47.48],[-3.15,47.5],[-3.15,47.52],[-3.13,47.55],[-3.14,47.58],[-3.16,47.61],[-3.2,47.62],[-3.21,47.64],[-3.2,47.65],[-3.21,47.67],[-3.16,47.69],[-3.21,47.69],[-3.21,47.65],[-3.22,47.65],[-3.27,47.68],[-3.34,47.7],[-3.31,47.7],[-3.31,47.69],[-3.28,47.69],[-3.31,47.71],[-3.35,47.71],[-3.31,47.75],[-3.33,47.76],[-3.33,47.74],[-3.35,47.75],[-3.36,47.77],[-3.37,47.77],[-3.39,47.81],[-3.4,47.81],[-3.38,47.78],[-3.35,47.75],[-3.36,47.73],[-3.37,47.73],[-3.38,47.7],[-3.46,47.7],[-3.5,47.74],[-3.53,47.76],[-3.53,47.78],[-3.52,47.81],[-3.54,47.83],[-3.54,47.81],[-3.52,47.8],[-3.55,47.76],[-3.57,47.77],[-3.62,47.77],[-3.65,47.78],[-3.68,47.78],[-3.72,47.8],[-3.72,47.81],[-3.7,47.82],[-3.65,47.82],[-3.67,47.83],[-3.71,47.81],[-3.74,47.81],[-3.75,47.84],[-3.75,47.82],[-3.74,47.8],[-3.76,47.79],[-3.81,47.79],[-3.84,47.8],[-3.85,47.79],[-3.9,47.84],[-3.88,47.86],[-3.91,47.85],[-3.91,47.87],[-3.93,47.87],[-3.93,47.88],[-3.95,47.9],[-3.99,47.9],[-3.98,47.86],[-4.04,47.85],[-4.05,47.86],[-4.09,47.86],[-4.14,47.9],[-4.14,47.92],[-4.09,47.94],[-4.11,47.95],[-4.1,47.97],[-4.11,47.98],[-4.12,47.95],[-4.11,47.94],[-4.14,47.92],[-4.15,47.9],[-4.17,47.89],[-4.13,47.89],[-4.12,47.86],[-4.15,47.86],[-4.17,47.84],[-4.17,47.88],[-4.18,47.88],[-4.2,47.86],[-4.16,47.83],[-4.18,47.8],[-4.21,47.8],[-4.23,47.79],[-4.29,47.79],[-4.3,47.8],[-4.37,47.8],[-4.38,47.82],[-4.35,47.83],[-4.35,47.86],[-4.37,47.89],[-4.37,47.91],[-4.4,47.93],[-4.42,47.96],[-4.46,47.98],[-4.47,47.99],[-4.54,48.01],[-4.53,48.03],[-4.5,48.04],[-4.54,48.04],[-4.53,48.03],[-4.54,48.01],[-4.57,48],[-4.6,48.02],[-4.63,48.03],[-4.66,48.02],[-4.73,48.04],[-4.71,48.04],[-4.71,48.06],[-4.68,48.06],[-4.66,48.07],[-4.62,48.07],[-4.58,48.08],[-4.55,48.08],[-4.53,48.09],[-4.49,48.09],[-4.46,48.1],[-4.43,48.1],[-4.42,48.11],[-4.36,48.11],[-4.34,48.1],[-4.33,48.08],[-4.33,48.1],[-4.3,48.09],[-4.28,48.11],[-4.27,48.15],[-4.3,48.17],[-4.3,48.2],[-4.33,48.21],[-4.37,48.21],[-4.42,48.23],[-4.44,48.23],[-4.46,48.24],[-4.5,48.23],[-4.52,48.19],[-4.55,48.18],[-4.55,48.2],[-4.57,48.23],[-4.54,48.25],[-4.56,48.26],[-4.58,48.25],[-4.62,48.26],[-4.62,48.28],[-4.57,48.28],[-4.58,48.32],[-4.56,48.34],[-4.54,48.34],[-4.54,48.33],[-4.56,48.3],[-4.53,48.29],[-4.51,48.31],[-4.5,48.31],[-4.52,48.29],[-4.51,48.28],[-4.47,48.29],[-4.42,48.29],[-4.41,48.28],[-4.37,48.28],[-4.3,48.3],[-4.28,48.29],[-4.29,48.27],[-4.26,48.27],[-4.25,48.25],[-4.22,48.26],[-4.21,48.25],[-4.16,48.24],[-4.11,48.24],[-4.1,48.25],[-4.14,48.24],[-4.15,48.25],[-4.2,48.25],[-4.24,48.26],[-4.27,48.28],[-4.24,48.29],[-4.2,48.29],[-4.19,48.3],[-4.23,48.3],[-4.24,48.31],[-4.25,48.3],[-4.27,48.31],[-4.25,48.32],[-4.26,48.33],[-4.29,48.31],[-4.33,48.32],[-4.31,48.33],[-4.31,48.34],[-4.28,48.34],[-4.3,48.36],[-4.31,48.34],[-4.33,48.34],[-4.35,48.36],[-4.37,48.33],[-4.41,48.33],[-4.4,48.34],[-4.45,48.33],[-4.42,48.37],[-4.37,48.4],[-4.32,48.41],[-4.31,48.42],[-4.33,48.42],[-4.37,48.4],[-4.41,48.39],[-4.43,48.4],[-4.44,48.38],[-4.46,48.39],[-4.47,48.38],[-4.51,48.38],[-4.53,48.36],[-4.55,48.36],[-4.61,48.34],[-4.64,48.34],[-4.68,48.36],[-4.7,48.35],[-4.71,48.33],[-4.77,48.33],[-4.77,48.36],[-4.76,48.38],[-4.79,48.42],[-4.77,48.47],[-4.72,48.47],[-4.72,48.48],[-4.76,48.47],[-4.78,48.5],[-4.77,48.52],[-4.73,48.56],[-4.7,48.55],[-4.7,48.57],[-4.65,48.57],[-4.63,48.58],[-4.59,48.56],[-4.54,48.56],[-4.53,48.55],[-4.51,48.55],[-4.55,48.56],[-4.58,48.56],[-4.61,48.58],[-4.61,48.6],[-4.53,48.6],[-4.53,48.59],[-4.5,48.59],[-4.49,48.57],[-4.48,48.57],[-4.5,48.59],[-4.57,48.61],[-4.55,48.63],[-4.51,48.63],[-4.5,48.62],[-4.44,48.64],[-4.4,48.64],[-4.43,48.65],[-4.35,48.67],[-4.3,48.67],[-4.3,48.65],[-4.32,48.65],[-4.3,48.63],[-4.27,48.65],[-4.19,48.65],[-4.22,48.66],[-4.19,48.68],[-4.13,48.7],[-4.07,48.68],[-4.04,48.71],[-4.02,48.71],[-4,48.73],[-3.96,48.72],[-3.97,48.7],[-3.96,48.69],[-3.97,48.68],[-3.95,48.67],[-3.96,48.65],[-3.95,48.65],[-3.92,48.67],[-3.89,48.67],[-3.9,48.66],[-3.89,48.64],[-3.86,48.63],[-3.86,48.61],[-3.83,48.63],[-3.85,48.63],[-3.86,48.67],[-3.85,48.66],[-3.85,48.69],[-3.84,48.71],[-3.8,48.71],[-3.78,48.7],[-3.76,48.71],[-3.72,48.71],[-3.7,48.69],[-3.64,48.69],[-3.64,48.68],[-3.61,48.67],[-3.57,48.67],[-3.58,48.69],[-3.58,48.72],[-3.55,48.73],[-3.55,48.75],[-3.58,48.76],[-3.58,48.79]]],[[[-3,48.84],[-3.01,48.86],[-2.99,48.86],[-3,48.84]]],[[[-3.58,48.79],[-3.59,48.8],[-3.57,48.81],[-3.57,48.8],[-3.58,48.79]]],[[[-5.1,48.44],[-5.11,48.44],[-5.1,48.46],[-5.13,48.45],[-5.11,48.47],[-5.08,48.47],[-5.05,48.48],[-5.06,48.45],[-5.08,48.45],[-5.1,48.44]]],[[[-3.99,48.74],[-4.04,48.74],[-4.04,48.75],[-4,48.75],[-3.99,48.74]]],[[[-4.96,48.39],[-4.96,48.39],[-4.96,48.39],[-4.96,48.39]]],[[[-4.85,48.03],[-4.85,48.03],[-4.85,48.03],[-4.85,48.03]]],[[[-3.24,47.39],[-3.22,47.38],[-3.22,47.37],[-3.19,47.37],[-3.16,47.36],[-3.14,47.33],[-3.12,47.32],[-3.07,47.32],[-3.06,47.31],[-3.09,47.28],[-3.11,47.29],[-3.16,47.29],[-3.17,47.3],[-3.2,47.3],[-3.22,47.29],[-3.25,47.31],[-3.24,47.32],[-3.26,47.36],[-3.25,47.37],[-3.25,47.39],[-3.24,47.39]]],[[[-3.42,47.62],[-3.44,47.63],[-3.46,47.62],[-3.47,47.63],[-3.49,47.63],[-3.51,47.65],[-3.46,47.65],[-3.43,47.64],[-3.42,47.62]]],[[[-2.95,47.37],[-2.97,47.39],[-2.95,47.39],[-2.95,47.37]]],[[[-2.86,47.56],[-2.85,47.6],[-2.85,47.57],[-2.86,47.56]]],[[[-2.88,47.33],[-2.89,47.33],[-2.89,47.35],[-2.87,47.34],[-2.88,47.33]]],[[[-2.81,47.58],[-2.81,47.59],[-2.79,47.6],[-2.81,47.58]]]]}},{"type":"Feature","properties":{"nom":"Poitou-Charentes","code":"54"},"geometry":{"type":"MultiPolygon","coordinates":[[[[0.82,46.13],[0.82,46.13],[0.81,46.12],[0.83,46.09],[0.83,46.09],[0.83,46.09],[0.82,46.08],[0.83,46.07],[0.82,46.05],[0.82,46.05],[0.85,46.04],[0.86,46.02],[0.89,46.03],[0.89,46.03],[0.91,46.02],[0.91,46.02],[0.92,46],[0.92,46],[0.93,45.99],[0.94,45.96],[0.92,45.95],[0.92,45.95],[0.92,45.94],[0.92,45.94],[0.92,45.94],[0.88,45.92],[0.84,45.92],[0.81,45.93],[0.81,45.93],[0.82,45.92],[0.81,45.9],[0.83,45.88],[0.81,45.87],[0.81,45.87],[0.82,45.87],[0.82,45.87],[0.8,45.83],[0.78,45.82],[0.78,45.82],[0.78,45.79],[0.77,45.79],[0.77,45.79],[0.72,45.81],[0.71,45.8],[0.71,45.76],[0.71,45.76],[0.67,45.75],[0.67,45.75],[0.65,45.74],[0.65,45.73],[0.65,45.73],[0.63,45.71],[0.63,45.71],[0.61,45.69],[0.61,45.69],[0.6,45.68],[0.6,45.68],[0.59,45.66],[0.57,45.65],[0.58,45.64],[0.54,45.63],[0.54,45.63],[0.53,45.64],[0.5,45.62],[0.5,45.62],[0.52,45.59],[0.5,45.56],[0.5,45.56],[0.51,45.55],[0.47,45.54],[0.47,45.54],[0.47,45.54],[0.46,45.53],[0.46,45.53],[0.45,45.52],[0.45,45.52],[0.45,45.51],[0.43,45.49],[0.43,45.49],[0.41,45.49],[0.38,45.48],[0.38,45.48],[0.33,45.46],[0.33,45.46],[0.33,45.44],[0.31,45.46],[0.3,45.45],[0.32,45.44],[0.3,45.43],[0.3,45.43],[0.27,45.42],[0.27,45.42],[0.27,45.41],[0.27,45.41],[0.25,45.38],[0.25,45.36],[0.25,45.36],[0.26,45.35],[0.26,45.35],[0.26,45.33],[0.26,45.33],[0.27,45.3],[0.25,45.29],[0.25,45.29],[0.25,45.29],[0.22,45.29],[0.22,45.29],[0.21,45.27],[0.21,45.27],[0.2,45.26],[0.2,45.26],[0.17,45.25],[0.17,45.25],[0.15,45.21],[0.11,45.21],[0.09,45.23],[0.09,45.23],[0.07,45.22],[0.05,45.23],[0.04,45.21],[0.01,45.2],[0,45.18],[0,45.18],[-0.02,45.17],[0,45.16],[0,45.16],[0,45.15],[-0.04,45.14],[-0.04,45.14],[-0.03,45.13],[-0.04,45.1],[-0.05,45.1],[-0.05,45.1],[-0.06,45.1],[-0.06,45.1],[-0.09,45.12],[-0.09,45.12],[-0.11,45.12],[-0.14,45.09],[-0.19,45.09],[-0.21,45.1],[-0.21,45.1],[-0.22,45.11],[-0.26,45.11],[-0.28,45.14],[-0.28,45.14],[-0.31,45.15],[-0.31,45.15],[-0.34,45.17],[-0.37,45.17],[-0.39,45.15],[-0.4,45.18],[-0.4,45.18],[-0.42,45.2],[-0.41,45.22],[-0.41,45.25],[-0.42,45.26],[-0.42,45.26],[-0.42,45.27],[-0.46,45.29],[-0.46,45.29],[-0.49,45.29],[-0.49,45.29],[-0.55,45.29],[-0.57,45.3],[-0.57,45.3],[-0.57,45.31],[-0.57,45.31],[-0.57,45.33],[-0.57,45.33],[-0.59,45.34],[-0.59,45.32],[-0.65,45.32],[-0.71,45.33],[-0.71,45.33],[-0.72,45.33],[-0.72,45.36],[-0.73,45.37],[-0.75,45.42],[-0.78,45.45],[-0.8,45.48],[-0.81,45.47],[-0.82,45.49],[-0.88,45.52],[-0.91,45.53],[-0.91,45.54],[-0.94,45.56],[-0.96,45.55],[-0.99,45.58],[-0.99,45.6],[-1.01,45.6],[-1.02,45.62],[-1.05,45.62],[-1.05,45.63],[-1.14,45.66],[-1.15,45.67],[-1.21,45.7],[-1.24,45.69],[-1.24,45.79],[-1.19,45.79],[-1.16,45.8],[-1.13,45.8],[-1.14,45.82],[-1.17,45.85],[-1.15,45.86],[-1.11,45.86],[-1.11,45.87],[-1.08,45.9],[-1.07,45.93],[-1.1,45.94],[-1.09,45.95],[-1.06,45.95],[-1.08,45.96],[-1.09,45.98],[-1.12,46],[-1.09,45.99],[-1.05,46],[-1.06,46.04],[-1.09,46.05],[-1.1,46.09],[-1.14,46.11],[-1.12,46.11],[-1.13,46.13],[-1.17,46.14],[-1.16,46.15],[-1.23,46.15],[-1.24,46.16],[-1.2,46.19],[-1.21,46.2],[-1.17,46.22],[-1.14,46.25],[-1.11,46.26],[-1.13,46.31],[-1.13,46.31],[-1.12,46.32],[-1.12,46.32],[-1.1,46.31],[-1.08,46.32],[-1.08,46.32],[-1.06,46.35],[-1.05,46.34],[-1.02,46.35],[-0.98,46.35],[-0.96,46.37],[-0.93,46.36],[-0.93,46.36],[-0.96,46.32],[-0.91,46.31],[-0.89,46.33],[-0.87,46.32],[-0.84,46.32],[-0.85,46.33],[-0.83,46.34],[-0.83,46.34],[-0.8,46.34],[-0.8,46.34],[-0.81,46.33],[-0.78,46.32],[-0.78,46.32],[-0.75,46.31],[-0.75,46.3],[-0.73,46.3],[-0.72,46.31],[-0.72,46.31],[-0.72,46.32],[-0.65,46.32],[-0.65,46.32],[-0.64,46.32],[-0.64,46.32],[-0.64,46.33],[-0.6,46.36],[-0.56,46.36],[-0.56,46.36],[-0.54,46.39],[-0.54,46.39],[-0.57,46.39],[-0.57,46.4],[-0.61,46.41],[-0.62,46.39],[-0.62,46.39],[-0.64,46.42],[-0.61,46.45],[-0.61,46.45],[-0.63,46.48],[-0.63,46.5],[-0.63,46.5],[-0.63,46.5],[-0.64,46.52],[-0.64,46.52],[-0.63,46.53],[-0.6,46.53],[-0.6,46.54],[-0.6,46.54],[-0.61,46.56],[-0.61,46.56],[-0.62,46.56],[-0.62,46.59],[-0.63,46.61],[-0.61,46.62],[-0.63,46.64],[-0.66,46.63],[-0.65,46.66],[-0.64,46.66],[-0.64,46.66],[-0.66,46.68],[-0.68,46.69],[-0.66,46.7],[-0.66,46.7],[-0.67,46.72],[-0.69,46.73],[-0.7,46.75],[-0.7,46.75],[-0.72,46.75],[-0.73,46.77],[-0.72,46.8],[-0.7,46.81],[-0.7,46.81],[-0.7,46.81],[-0.71,46.82],[-0.71,46.82],[-0.76,46.83],[-0.76,46.83],[-0.79,46.85],[-0.79,46.85],[-0.82,46.88],[-0.83,46.88],[-0.81,46.91],[-0.81,46.92],[-0.85,46.94],[-0.85,46.94],[-0.88,46.95],[-0.88,46.95],[-0.88,46.95],[-0.87,46.96],[-0.9,46.97],[-0.9,46.97],[-0.9,46.97],[-0.89,46.98],[-0.86,46.97],[-0.85,46.99],[-0.82,46.99],[-0.82,46.99],[-0.81,46.99],[-0.81,46.99],[-0.81,46.99],[-0.79,47.01],[-0.76,46.99],[-0.73,47],[-0.7,46.99],[-0.7,46.99],[-0.68,46.99],[-0.68,46.99],[-0.68,46.99],[-0.67,47],[-0.65,46.99],[-0.6,47],[-0.6,47],[-0.6,47],[-0.58,47.01],[-0.56,47.03],[-0.54,47.04],[-0.56,47.05],[-0.56,47.06],[-0.56,47.06],[-0.52,47.08],[-0.52,47.08],[-0.46,47.08],[-0.46,47.08],[-0.48,47.07],[-0.48,47.05],[-0.46,47.07],[-0.4,47.07],[-0.39,47.09],[-0.39,47.09],[-0.36,47.09],[-0.36,47.09],[-0.34,47.09],[-0.34,47.09],[-0.31,47.09],[-0.29,47.1],[-0.26,47.1],[-0.24,47.11],[-0.21,47.1],[-0.19,47.11],[-0.19,47.11],[-0.14,47.1],[-0.14,47.1],[-0.18,47.07],[-0.17,47.07],[-0.17,47.07],[-0.13,47.06],[-0.13,47.05],[-0.1,47.06],[-0.1,47.09],[-0.1,47.09],[-0.09,47.1],[-0.09,47.1],[-0.07,47.09],[-0.04,47.09],[-0.04,47.09],[-0.04,47.09],[-0.04,47.11],[-0.04,47.11],[-0.01,47.16],[0.02,47.17],[0.03,47.16],[0.05,47.17],[0.05,47.16],[0.08,47.13],[0.08,47.13],[0.08,47.12],[0.1,47.12],[0.11,47.13],[0.13,47.12],[0.13,47.12],[0.13,47.11],[0.16,47.1],[0.16,47.1],[0.18,47.11],[0.18,47.11],[0.19,47.09],[0.18,47.06],[0.18,47.06],[0.18,47.06],[0.21,47.05],[0.24,47.07],[0.24,47.07],[0.26,47.07],[0.26,47.05],[0.27,47.04],[0.31,47.05],[0.31,47.03],[0.31,47.03],[0.3,47.02],[0.31,47],[0.31,47],[0.29,46.99],[0.31,46.98],[0.3,46.96],[0.3,46.96],[0.32,46.93],[0.35,46.94],[0.36,46.95],[0.38,46.94],[0.44,46.94],[0.44,46.94],[0.49,46.95],[0.51,46.96],[0.51,46.96],[0.55,46.96],[0.55,46.96],[0.6,46.96],[0.6,46.96],[0.6,46.97],[0.57,46.98],[0.57,46.99],[0.57,46.99],[0.57,47],[0.57,47],[0.59,47.01],[0.59,47.01],[0.62,47.01],[0.62,47],[0.62,47],[0.62,46.99],[0.65,46.99],[0.66,46.98],[0.7,46.97],[0.7,46.96],[0.7,46.96],[0.71,46.94],[0.7,46.91],[0.7,46.91],[0.7,46.9],[0.73,46.89],[0.74,46.87],[0.74,46.87],[0.77,46.86],[0.77,46.86],[0.77,46.85],[0.8,46.85],[0.8,46.85],[0.79,46.83],[0.81,46.82],[0.81,46.82],[0.82,46.81],[0.81,46.79],[0.83,46.79],[0.84,46.76],[0.86,46.76],[0.86,46.76],[0.87,46.75],[0.87,46.75],[0.9,46.74],[0.92,46.7],[0.92,46.7],[0.93,46.69],[0.9,46.68],[0.91,46.67],[0.91,46.67],[0.92,46.65],[0.89,46.63],[0.94,46.58],[0.96,46.57],[1.01,46.57],[1.01,46.57],[1.02,46.54],[1.02,46.54],[1.09,46.54],[1.12,46.52],[1.12,46.52],[1.15,46.51],[1.15,46.5],[1.15,46.5],[1.14,46.5],[1.15,46.45],[1.17,46.45],[1.2,46.43],[1.2,46.43],[1.21,46.43],[1.21,46.43],[1.19,46.41],[1.2,46.4],[1.18,46.38],[1.16,46.39],[1.16,46.39],[1.15,46.37],[1.13,46.36],[1.13,46.36],[1.11,46.35],[1.1,46.36],[1.05,46.36],[1.05,46.36],[1.03,46.34],[1.03,46.34],[1.03,46.33],[1,46.28],[1,46.28],[0.99,46.28],[0.99,46.28],[0.97,46.29],[0.94,46.29],[0.93,46.28],[0.93,46.28],[0.9,46.29],[0.89,46.27],[0.86,46.26],[0.86,46.26],[0.85,46.23],[0.81,46.23],[0.8,46.21],[0.8,46.21],[0.8,46.2],[0.8,46.2],[0.81,46.2],[0.83,46.17],[0.83,46.17],[0.83,46.16],[0.85,46.14],[0.84,46.13],[0.84,46.13],[0.82,46.13]]],[[[-1.3,45.9],[-1.38,45.95],[-1.39,45.95],[-1.39,46],[-1.41,46.05],[-1.37,46.04],[-1.36,46.02],[-1.32,45.99],[-1.25,45.99],[-1.23,45.97],[-1.24,45.95],[-1.22,45.91],[-1.19,45.89],[-1.2,45.85],[-1.21,45.85],[-1.2,45.83],[-1.23,45.8],[-1.25,45.81],[-1.25,45.85],[-1.27,45.88],[-1.3,45.9]]],[[[-1.41,46.18],[-1.47,46.2],[-1.51,46.19],[-1.53,46.2],[-1.54,46.22],[-1.56,46.23],[-1.56,46.24],[-1.54,46.24],[-1.5,46.26],[-1.48,46.25],[-1.48,46.23],[-1.49,46.24],[-1.5,46.23],[-1.52,46.23],[-1.5,46.21],[-1.48,46.21],[-1.46,46.23],[-1.42,46.23],[-1.42,46.21],[-1.4,46.2],[-1.37,46.21],[-1.32,46.19],[-1.3,46.19],[-1.28,46.17],[-1.28,46.16],[-1.26,46.16],[-1.31,46.14],[-1.32,46.15],[-1.35,46.15],[-1.36,46.16],[-1.41,46.18]]],[[[-1.18,46.01],[-1.18,46.01],[-1.18,46.01],[-1.18,46.01]]]]}},{"type":"Feature","properties":{"nom":"Aquitaine","code":"72"},"geometry":{"type":"MultiPolygon","coordinates":[[[[1.45,45.02],[1.43,45.01],[1.41,45.01],[1.41,44.97],[1.43,44.95],[1.43,44.95],[1.44,44.92],[1.42,44.92],[1.41,44.91],[1.42,44.9],[1.42,44.9],[1.44,44.89],[1.44,44.89],[1.44,44.88],[1.44,44.88],[1.44,44.88],[1.43,44.87],[1.41,44.87],[1.41,44.87],[1.41,44.86],[1.41,44.86],[1.4,44.85],[1.4,44.85],[1.36,44.84],[1.36,44.81],[1.36,44.81],[1.36,44.81],[1.33,44.81],[1.3,44.79],[1.3,44.79],[1.3,44.77],[1.32,44.76],[1.32,44.74],[1.3,44.74],[1.3,44.74],[1.29,44.71],[1.27,44.72],[1.27,44.72],[1.24,44.7],[1.24,44.69],[1.22,44.68],[1.22,44.68],[1.17,44.68],[1.15,44.67],[1.15,44.67],[1.15,44.63],[1.15,44.63],[1.13,44.62],[1.1,44.59],[1.1,44.58],[1.1,44.58],[1.1,44.57],[1.1,44.57],[1.07,44.57],[1.07,44.57],[1.04,44.56],[1.04,44.56],[1.04,44.56],[1.01,44.54],[1.01,44.54],[0.99,44.55],[1.02,44.5],[1.01,44.48],[1.01,44.48],[1.03,44.47],[1.02,44.45],[1.03,44.43],[1.05,44.43],[1.05,44.43],[1.05,44.43],[1.06,44.43],[1.06,44.41],[1.06,44.41],[1.06,44.4],[1.06,44.4],[1.06,44.37],[1.05,44.36],[1,44.37],[1,44.37],[0.98,44.36],[0.95,44.36],[0.94,44.35],[0.94,44.35],[0.94,44.37],[0.92,44.38],[0.92,44.38],[0.92,44.38],[0.91,44.38],[0.91,44.38],[0.89,44.37],[0.89,44.37],[0.89,44.36],[0.89,44.36],[0.9,44.35],[0.88,44.33],[0.88,44.33],[0.87,44.32],[0.87,44.32],[0.89,44.3],[0.92,44.3],[0.92,44.29],[0.92,44.29],[0.95,44.28],[0.95,44.28],[0.94,44.26],[0.93,44.27],[0.93,44.25],[0.92,44.24],[0.93,44.23],[0.93,44.23],[0.9,44.19],[0.9,44.19],[0.86,44.19],[0.86,44.19],[0.86,44.19],[0.85,44.17],[0.89,44.17],[0.89,44.17],[0.89,44.14],[0.89,44.14],[0.86,44.13],[0.86,44.13],[0.8,44.15],[0.8,44.13],[0.8,44.13],[0.79,44.12],[0.8,44.11],[0.8,44.11],[0.78,44.12],[0.75,44.1],[0.75,44.09],[0.75,44.09],[0.74,44.07],[0.74,44.07],[0.74,44.06],[0.7,44.06],[0.68,44.03],[0.68,44.03],[0.66,44.02],[0.65,44.04],[0.63,44.05],[0.63,44.05],[0.58,44.08],[0.57,44.06],[0.51,44.06],[0.5,44.05],[0.5,44.05],[0.49,44.06],[0.49,44.06],[0.49,44.06],[0.46,44.06],[0.45,44.04],[0.45,44.04],[0.44,44.03],[0.44,44.03],[0.42,44.03],[0.38,44.01],[0.36,44.02],[0.32,44.01],[0.32,44.01],[0.31,43.99],[0.27,44],[0.27,44],[0.23,44.01],[0.23,44.02],[0.23,44.02],[0.21,44.02],[0.2,44.01],[0.19,44.02],[0.16,43.97],[0.16,43.97],[0.14,43.98],[0.13,44],[0.13,44],[0.09,43.99],[0.08,43.98],[0.08,43.98],[0.07,43.97],[0.07,43.97],[0.06,43.96],[0.08,43.91],[0.06,43.9],[0.03,43.9],[0.03,43.9],[-0.02,43.93],[0.01,43.95],[0,43.96],[0,43.96],[-0.04,43.98],[-0.06,43.96],[-0.07,43.94],[-0.09,43.95],[-0.1,43.93],[-0.1,43.93],[-0.1,43.93],[-0.15,43.94],[-0.16,43.93],[-0.16,43.93],[-0.18,43.94],[-0.2,43.92],[-0.2,43.91],[-0.2,43.91],[-0.23,43.91],[-0.24,43.9],[-0.22,43.89],[-0.22,43.89],[-0.2,43.89],[-0.19,43.87],[-0.19,43.87],[-0.21,43.86],[-0.19,43.84],[-0.19,43.84],[-0.2,43.83],[-0.19,43.81],[-0.23,43.81],[-0.22,43.79],[-0.22,43.79],[-0.21,43.76],[-0.21,43.76],[-0.21,43.76],[-0.19,43.74],[-0.22,43.72],[-0.22,43.72],[-0.25,43.71],[-0.24,43.69],[-0.26,43.68],[-0.24,43.67],[-0.24,43.66],[-0.26,43.65],[-0.26,43.65],[-0.26,43.64],[-0.26,43.64],[-0.28,43.64],[-0.28,43.62],[-0.28,43.62],[-0.25,43.62],[-0.25,43.6],[-0.25,43.6],[-0.25,43.6],[-0.24,43.58],[-0.24,43.58],[-0.23,43.59],[-0.21,43.59],[-0.21,43.59],[-0.18,43.6],[-0.17,43.58],[-0.16,43.58],[-0.16,43.58],[-0.15,43.59],[-0.13,43.58],[-0.13,43.58],[-0.13,43.58],[-0.12,43.59],[-0.09,43.57],[-0.09,43.56],[-0.09,43.56],[-0.09,43.54],[-0.09,43.54],[-0.07,43.55],[-0.05,43.53],[-0.05,43.53],[-0.04,43.52],[-0.04,43.52],[-0.04,43.51],[-0.04,43.51],[-0.05,43.5],[-0.03,43.47],[-0.03,43.47],[-0.03,43.47],[-0.06,43.46],[-0.06,43.45],[-0.06,43.45],[-0.07,43.43],[-0.05,43.42],[-0.07,43.41],[-0.04,43.41],[-0.04,43.41],[-0.03,43.43],[-0.03,43.43],[-0.02,43.43],[-0.02,43.43],[0,43.45],[0,43.43],[0,43.43],[0,43.43],[0.01,43.42],[0.01,43.42],[0,43.4],[0,43.4],[0,43.4],[0,43.39],[0,43.39],[0,43.39],[0,43.38],[0,43.38],[0,43.38],[0,43.37],[0,43.37],[0.03,43.35],[0.02,43.34],[0.02,43.34],[0.01,43.33],[0.01,43.33],[-0.03,43.33],[-0.03,43.33],[-0.03,43.31],[-0.03,43.31],[-0.04,43.31],[-0.04,43.28],[-0.03,43.28],[-0.03,43.28],[-0.02,43.27],[-0.02,43.27],[-0.04,43.23],[-0.05,43.22],[-0.05,43.22],[-0.05,43.22],[-0.07,43.22],[-0.07,43.22],[-0.07,43.18],[-0.07,43.18],[-0.1,43.17],[-0.12,43.18],[-0.13,43.16],[-0.13,43.16],[-0.14,43.15],[-0.14,43.15],[-0.15,43.13],[-0.15,43.13],[-0.2,43.1],[-0.19,43.09],[-0.2,43.06],[-0.19,43.05],[-0.22,43.03],[-0.23,43.04],[-0.26,43.04],[-0.26,43.01],[-0.26,43.01],[-0.29,43.01],[-0.29,42.96],[-0.28,42.96],[-0.28,42.94],[-0.28,42.94],[-0.28,42.93],[-0.33,42.92],[-0.32,42.9],[-0.32,42.9],[-0.31,42.85],[-0.31,42.85],[-0.32,42.85],[-0.33,42.83],[-0.35,42.84],[-0.36,42.82],[-0.39,42.8],[-0.41,42.81],[-0.44,42.8],[-0.51,42.83],[-0.53,42.79],[-0.57,42.78],[-0.57,42.81],[-0.59,42.8],[-0.6,42.83],[-0.66,42.86],[-0.68,42.88],[-0.7,42.88],[-0.73,42.9],[-0.73,42.94],[-0.75,42.97],[-0.77,42.97],[-0.81,42.95],[-0.86,42.95],[-0.88,42.96],[-0.91,42.96],[-0.92,42.95],[-0.97,42.96],[-1.01,42.99],[-1.07,43],[-1.1,43.01],[-1.11,43.02],[-1.14,43.01],[-1.17,43.04],[-1.18,43.03],[-1.21,43.05],[-1.26,43.04],[-1.27,43.06],[-1.31,43.07],[-1.29,43.1],[-1.27,43.12],[-1.33,43.11],[-1.35,43.09],[-1.34,43.08],[-1.34,43.05],[-1.35,43.03],[-1.37,43.03],[-1.44,43.05],[-1.46,43.06],[-1.47,43.09],[-1.41,43.13],[-1.41,43.16],[-1.4,43.16],[-1.4,43.18],[-1.38,43.19],[-1.38,43.24],[-1.41,43.27],[-1.47,43.27],[-1.51,43.29],[-1.56,43.29],[-1.57,43.25],[-1.61,43.25],[-1.62,43.26],[-1.63,43.29],[-1.62,43.3],[-1.63,43.31],[-1.7,43.31],[-1.71,43.3],[-1.73,43.3],[-1.75,43.34],[-1.79,43.35],[-1.77,43.36],[-1.78,43.37],[-1.76,43.38],[-1.73,43.38],[-1.69,43.4],[-1.66,43.39],[-1.66,43.4],[-1.6,43.43],[-1.57,43.48],[-1.52,43.53],[-1.5,43.57],[-1.48,43.58],[-1.48,43.59],[-1.45,43.65],[-1.44,43.68],[-1.43,43.74],[-1.42,43.78],[-1.41,43.79],[-1.4,43.84],[-1.38,43.88],[-1.35,44],[-1.32,44.13],[-1.29,44.27],[-1.28,44.3],[-1.28,44.33],[-1.27,44.34],[-1.25,44.46],[-1.25,44.51],[-1.26,44.54],[-1.23,44.57],[-1.21,44.6],[-1.2,44.64],[-1.19,44.66],[-1.14,44.66],[-1.12,44.64],[-1.06,44.64],[-1.02,44.65],[-1.01,44.65],[-1.01,44.65],[-1.04,44.69],[-1.04,44.7],[-1.08,44.72],[-1.1,44.74],[-1.13,44.75],[-1.16,44.77],[-1.18,44.76],[-1.17,44.75],[-1.23,44.7],[-1.24,44.68],[-1.24,44.62],[-1.26,44.63],[-1.26,44.65],[-1.21,44.92],[-1.19,45.06],[-1.19,45.13],[-1.17,45.25],[-1.16,45.28],[-1.16,45.41],[-1.15,45.44],[-1.15,45.48],[-1.14,45.51],[-1.12,45.53],[-1.1,45.54],[-1.09,45.56],[-1.06,45.57],[-1.06,45.55],[-1.05,45.54],[-1.07,45.53],[-1.05,45.5],[-1.02,45.48],[-0.93,45.44],[-0.9,45.41],[-0.87,45.39],[-0.84,45.38],[-0.8,45.34],[-0.78,45.31],[-0.77,45.28],[-0.76,45.28],[-0.75,45.23],[-0.69,45.24],[-0.71,45.33],[-0.71,45.33],[-0.65,45.32],[-0.59,45.32],[-0.59,45.34],[-0.57,45.33],[-0.57,45.33],[-0.57,45.31],[-0.57,45.31],[-0.57,45.3],[-0.57,45.3],[-0.55,45.29],[-0.49,45.29],[-0.49,45.29],[-0.46,45.29],[-0.46,45.29],[-0.42,45.27],[-0.42,45.26],[-0.42,45.26],[-0.41,45.25],[-0.41,45.22],[-0.42,45.2],[-0.4,45.18],[-0.4,45.18],[-0.39,45.15],[-0.37,45.17],[-0.34,45.17],[-0.31,45.15],[-0.31,45.15],[-0.28,45.14],[-0.28,45.14],[-0.26,45.11],[-0.22,45.11],[-0.21,45.1],[-0.21,45.1],[-0.19,45.09],[-0.14,45.09],[-0.11,45.12],[-0.09,45.12],[-0.09,45.12],[-0.06,45.1],[-0.06,45.1],[-0.05,45.1],[-0.05,45.1],[-0.04,45.1],[-0.03,45.13],[-0.04,45.14],[-0.04,45.14],[0,45.15],[0,45.16],[0,45.16],[-0.02,45.17],[0,45.18],[0,45.18],[0.01,45.2],[0.04,45.21],[0.05,45.23],[0.07,45.22],[0.09,45.23],[0.09,45.23],[0.11,45.21],[0.15,45.21],[0.17,45.25],[0.17,45.25],[0.2,45.26],[0.2,45.26],[0.21,45.27],[0.21,45.27],[0.22,45.29],[0.22,45.29],[0.25,45.29],[0.25,45.29],[0.25,45.29],[0.27,45.3],[0.26,45.33],[0.26,45.33],[0.26,45.35],[0.26,45.35],[0.25,45.36],[0.25,45.36],[0.25,45.38],[0.27,45.41],[0.27,45.41],[0.27,45.42],[0.27,45.42],[0.3,45.43],[0.3,45.43],[0.32,45.44],[0.3,45.45],[0.31,45.46],[0.33,45.44],[0.33,45.46],[0.33,45.46],[0.38,45.48],[0.38,45.48],[0.41,45.49],[0.43,45.49],[0.43,45.49],[0.45,45.51],[0.45,45.52],[0.45,45.52],[0.46,45.53],[0.46,45.53],[0.47,45.54],[0.47,45.54],[0.47,45.54],[0.51,45.55],[0.5,45.56],[0.5,45.56],[0.52,45.59],[0.5,45.62],[0.5,45.62],[0.53,45.64],[0.54,45.63],[0.54,45.63],[0.58,45.64],[0.57,45.65],[0.59,45.66],[0.6,45.68],[0.6,45.68],[0.61,45.69],[0.61,45.69],[0.63,45.71],[0.63,45.71],[0.65,45.7],[0.65,45.69],[0.68,45.69],[0.68,45.69],[0.74,45.69],[0.76,45.67],[0.78,45.67],[0.75,45.62],[0.75,45.62],[0.78,45.59],[0.8,45.6],[0.81,45.58],[0.81,45.58],[0.84,45.58],[0.85,45.59],[0.85,45.59],[0.86,45.61],[0.86,45.61],[0.87,45.62],[0.87,45.62],[0.89,45.6],[0.89,45.6],[0.9,45.61],[1.02,45.61],[1.04,45.59],[1.03,45.58],[1.06,45.55],[1.06,45.55],[1.06,45.55],[1.08,45.53],[1.08,45.53],[1.13,45.54],[1.13,45.54],[1.17,45.53],[1.15,45.52],[1.12,45.49],[1.12,45.49],[1.13,45.47],[1.16,45.48],[1.16,45.48],[1.18,45.46],[1.23,45.46],[1.24,45.44],[1.24,45.44],[1.25,45.44],[1.25,45.44],[1.27,45.44],[1.27,45.44],[1.29,45.42],[1.29,45.42],[1.27,45.42],[1.26,45.4],[1.26,45.4],[1.27,45.39],[1.3,45.39],[1.32,45.38],[1.32,45.38],[1.31,45.36],[1.31,45.36],[1.3,45.36],[1.26,45.32],[1.24,45.32],[1.24,45.32],[1.24,45.3],[1.24,45.3],[1.23,45.27],[1.24,45.26],[1.24,45.26],[1.26,45.25],[1.28,45.26],[1.28,45.24],[1.24,45.22],[1.23,45.22],[1.23,45.22],[1.23,45.2],[1.23,45.2],[1.27,45.2],[1.29,45.19],[1.29,45.19],[1.29,45.19],[1.28,45.17],[1.28,45.17],[1.26,45.16],[1.29,45.14],[1.35,45.14],[1.35,45.14],[1.35,45.14],[1.37,45.13],[1.38,45.14],[1.4,45.13],[1.4,45.13],[1.41,45.12],[1.41,45.12],[1.41,45.11],[1.38,45.11],[1.38,45.11],[1.38,45.1],[1.38,45.1],[1.39,45.1],[1.39,45.1],[1.4,45.08],[1.4,45.08],[1.4,45.06],[1.4,45.06],[1.43,45.03],[1.43,45.03],[1.45,45.02]],[[-0.09,43.36],[-0.09,43.36],[-0.09,43.33],[-0.09,43.33],[-0.11,43.34],[-0.11,43.31],[-0.08,43.31],[-0.08,43.31],[-0.08,43.31],[-0.07,43.32],[-0.07,43.32],[-0.07,43.32],[-0.06,43.34],[-0.06,43.34],[-0.06,43.35],[-0.06,43.35],[-0.08,43.37],[-0.08,43.37],[-0.08,43.37],[-0.09,43.37],[-0.09,43.37],[-0.09,43.36]],[[-0.14,43.28],[-0.14,43.28],[-0.13,43.25],[-0.1,43.24],[-0.1,43.24],[-0.09,43.26],[-0.09,43.26],[-0.08,43.26],[-0.08,43.28],[-0.1,43.29],[-0.09,43.3],[-0.09,43.3],[-0.09,43.3],[-0.11,43.31],[-0.14,43.28]]],[[[-1.01,44.65],[-1.02,44.65],[-1.02,44.65],[-1.01,44.65]]]]}},{"type":"Feature","properties":{"nom":"Midi-Pyrénées","code":"73"},"geometry":{"type":"MultiPolygon","coordinates":[[[[2.02,42.65],[2.02,42.65],[2,42.66],[2,42.66],[1.98,42.63],[1.98,42.62],[1.95,42.62],[1.94,42.61],[1.9,42.61],[1.9,42.61],[1.89,42.59],[1.87,42.59],[1.87,42.58],[1.87,42.58],[1.82,42.58],[1.82,42.58],[1.79,42.57],[1.73,42.59],[1.74,42.62],[1.66,42.62],[1.65,42.63],[1.6,42.63],[1.55,42.66],[1.53,42.65],[1.48,42.65],[1.47,42.63],[1.47,42.61],[1.44,42.6],[1.41,42.65],[1.39,42.67],[1.39,42.69],[1.35,42.7],[1.36,42.72],[1.19,42.72],[1.17,42.71],[1.14,42.73],[1.13,42.75],[1.11,42.77],[1.08,42.79],[1.05,42.78],[1.04,42.79],[0.98,42.79],[0.96,42.81],[0.93,42.79],[0.88,42.81],[0.86,42.83],[0.84,42.83],[0.8,42.84],[0.74,42.85],[0.73,42.86],[0.68,42.86],[0.66,42.84],[0.66,42.82],[0.67,42.81],[0.64,42.78],[0.66,42.77],[0.64,42.75],[0.66,42.75],[0.68,42.71],[0.67,42.69],[0.62,42.7],[0.53,42.7],[0.52,42.69],[0.49,42.69],[0.48,42.7],[0.46,42.69],[0.43,42.69],[0.39,42.71],[0.36,42.72],[0.33,42.71],[0.32,42.69],[0.3,42.68],[0.27,42.69],[0.26,42.72],[0.22,42.72],[0.18,42.74],[0.16,42.72],[0.13,42.72],[0.12,42.71],[0.09,42.72],[0.07,42.7],[0.02,42.7],[-0.01,42.68],[-0.02,42.69],[-0.06,42.69],[-0.07,42.72],[-0.11,42.72],[-0.12,42.75],[-0.15,42.78],[-0.16,42.8],[-0.17,42.79],[-0.2,42.79],[-0.26,42.82],[-0.28,42.84],[-0.31,42.84],[-0.31,42.85],[-0.31,42.85],[-0.32,42.9],[-0.32,42.9],[-0.33,42.92],[-0.28,42.93],[-0.28,42.94],[-0.28,42.94],[-0.28,42.96],[-0.29,42.96],[-0.29,43.01],[-0.26,43.01],[-0.26,43.01],[-0.26,43.04],[-0.23,43.04],[-0.22,43.03],[-0.19,43.05],[-0.2,43.06],[-0.19,43.09],[-0.2,43.1],[-0.15,43.13],[-0.15,43.13],[-0.14,43.15],[-0.14,43.15],[-0.13,43.16],[-0.13,43.16],[-0.12,43.18],[-0.1,43.17],[-0.07,43.18],[-0.07,43.18],[-0.07,43.22],[-0.07,43.22],[-0.05,43.22],[-0.05,43.22],[-0.05,43.22],[-0.04,43.23],[-0.02,43.27],[-0.02,43.27],[-0.03,43.28],[-0.03,43.28],[-0.04,43.28],[-0.04,43.31],[-0.03,43.31],[-0.03,43.31],[-0.03,43.33],[-0.03,43.33],[0.01,43.33],[0.01,43.33],[0.02,43.34],[0.02,43.34],[0.03,43.35],[0,43.37],[0,43.37],[0,43.38],[0,43.38],[0,43.38],[0,43.39],[0,43.39],[0,43.39],[0,43.4],[0,43.4],[0,43.4],[0.01,43.42],[0.01,43.42],[0,43.43],[0,43.43],[0,43.43],[0,43.45],[-0.02,43.43],[-0.02,43.43],[-0.03,43.43],[-0.03,43.43],[-0.04,43.41],[-0.04,43.41],[-0.07,43.41],[-0.05,43.42],[-0.07,43.43],[-0.06,43.45],[-0.06,43.45],[-0.06,43.46],[-0.03,43.47],[-0.03,43.47],[-0.03,43.47],[-0.05,43.5],[-0.04,43.51],[-0.04,43.51],[-0.04,43.52],[-0.04,43.52],[-0.05,43.53],[-0.05,43.53],[-0.07,43.55],[-0.09,43.54],[-0.09,43.54],[-0.09,43.56],[-0.09,43.56],[-0.09,43.57],[-0.12,43.59],[-0.13,43.58],[-0.13,43.58],[-0.13,43.58],[-0.15,43.59],[-0.16,43.58],[-0.16,43.58],[-0.17,43.58],[-0.18,43.6],[-0.21,43.59],[-0.21,43.59],[-0.23,43.59],[-0.24,43.58],[-0.24,43.58],[-0.25,43.6],[-0.25,43.6],[-0.25,43.6],[-0.25,43.62],[-0.28,43.62],[-0.28,43.62],[-0.28,43.64],[-0.26,43.64],[-0.26,43.64],[-0.26,43.65],[-0.26,43.65],[-0.24,43.66],[-0.24,43.67],[-0.26,43.68],[-0.24,43.69],[-0.25,43.71],[-0.22,43.72],[-0.22,43.72],[-0.19,43.74],[-0.21,43.76],[-0.21,43.76],[-0.21,43.76],[-0.22,43.79],[-0.22,43.79],[-0.23,43.81],[-0.19,43.81],[-0.2,43.83],[-0.19,43.84],[-0.19,43.84],[-0.21,43.86],[-0.19,43.87],[-0.19,43.87],[-0.2,43.89],[-0.22,43.89],[-0.22,43.89],[-0.24,43.9],[-0.23,43.91],[-0.2,43.91],[-0.2,43.91],[-0.2,43.92],[-0.18,43.94],[-0.16,43.93],[-0.16,43.93],[-0.15,43.94],[-0.1,43.93],[-0.1,43.93],[-0.1,43.93],[-0.09,43.95],[-0.07,43.94],[-0.06,43.96],[-0.04,43.98],[0,43.96],[0,43.96],[0.01,43.95],[-0.02,43.93],[0.03,43.9],[0.03,43.9],[0.06,43.9],[0.08,43.91],[0.06,43.96],[0.07,43.97],[0.07,43.97],[0.08,43.98],[0.08,43.98],[0.09,43.99],[0.13,44],[0.13,44],[0.14,43.98],[0.16,43.97],[0.16,43.97],[0.19,44.02],[0.2,44.01],[0.21,44.02],[0.23,44.02],[0.23,44.02],[0.23,44.01],[0.27,44],[0.27,44],[0.31,43.99],[0.32,44.01],[0.32,44.01],[0.36,44.02],[0.38,44.01],[0.42,44.03],[0.44,44.03],[0.44,44.03],[0.45,44.04],[0.45,44.04],[0.46,44.06],[0.49,44.06],[0.49,44.06],[0.49,44.06],[0.5,44.05],[0.5,44.05],[0.51,44.06],[0.57,44.06],[0.58,44.08],[0.63,44.05],[0.63,44.05],[0.65,44.04],[0.66,44.02],[0.68,44.03],[0.68,44.03],[0.7,44.06],[0.74,44.06],[0.74,44.07],[0.74,44.07],[0.75,44.09],[0.75,44.09],[0.75,44.1],[0.78,44.12],[0.8,44.11],[0.8,44.11],[0.79,44.12],[0.8,44.13],[0.8,44.13],[0.8,44.15],[0.86,44.13],[0.86,44.13],[0.89,44.14],[0.89,44.14],[0.89,44.17],[0.89,44.17],[0.85,44.17],[0.86,44.19],[0.86,44.19],[0.86,44.19],[0.9,44.19],[0.9,44.19],[0.93,44.23],[0.93,44.23],[0.92,44.24],[0.93,44.25],[0.93,44.27],[0.94,44.26],[0.95,44.28],[0.95,44.28],[0.92,44.29],[0.92,44.29],[0.92,44.3],[0.89,44.3],[0.87,44.32],[0.87,44.32],[0.88,44.33],[0.88,44.33],[0.9,44.35],[0.89,44.36],[0.89,44.36],[0.89,44.37],[0.89,44.37],[0.91,44.38],[0.91,44.38],[0.92,44.38],[0.92,44.38],[0.92,44.38],[0.94,44.37],[0.94,44.35],[0.94,44.35],[0.95,44.36],[0.98,44.36],[1,44.37],[1,44.37],[1.05,44.36],[1.06,44.37],[1.06,44.4],[1.06,44.4],[1.06,44.41],[1.06,44.41],[1.06,44.43],[1.05,44.43],[1.05,44.43],[1.05,44.43],[1.03,44.43],[1.02,44.45],[1.03,44.47],[1.01,44.48],[1.01,44.48],[1.02,44.5],[0.99,44.55],[1.01,44.54],[1.01,44.54],[1.04,44.56],[1.04,44.56],[1.04,44.56],[1.07,44.57],[1.07,44.57],[1.1,44.57],[1.1,44.57],[1.1,44.58],[1.1,44.58],[1.1,44.59],[1.13,44.62],[1.15,44.63],[1.15,44.63],[1.15,44.67],[1.15,44.67],[1.17,44.68],[1.22,44.68],[1.22,44.68],[1.24,44.69],[1.24,44.7],[1.27,44.72],[1.27,44.72],[1.29,44.71],[1.3,44.74],[1.3,44.74],[1.32,44.74],[1.32,44.76],[1.3,44.77],[1.3,44.79],[1.3,44.79],[1.33,44.81],[1.36,44.81],[1.36,44.81],[1.36,44.81],[1.36,44.84],[1.4,44.85],[1.4,44.85],[1.41,44.86],[1.41,44.86],[1.41,44.87],[1.41,44.87],[1.43,44.87],[1.44,44.88],[1.44,44.88],[1.44,44.88],[1.44,44.89],[1.44,44.89],[1.42,44.9],[1.42,44.9],[1.41,44.91],[1.42,44.92],[1.44,44.92],[1.43,44.95],[1.43,44.95],[1.41,44.97],[1.41,45.01],[1.43,45.01],[1.45,45.02],[1.46,45.01],[1.48,45.03],[1.48,45.03],[1.51,45.04],[1.54,45.04],[1.54,45.03],[1.57,45.04],[1.6,45.04],[1.61,45.03],[1.61,45.03],[1.61,45.03],[1.63,45.03],[1.63,45.03],[1.65,45.03],[1.65,45.03],[1.67,45],[1.68,45],[1.68,45],[1.69,44.99],[1.69,44.99],[1.7,44.99],[1.7,44.99],[1.71,44.97],[1.71,44.97],[1.71,44.97],[1.71,44.97],[1.74,44.96],[1.74,44.96],[1.75,44.96],[1.76,44.94],[1.75,44.94],[1.75,44.94],[1.77,44.93],[1.77,44.93],[1.77,44.92],[1.77,44.92],[1.78,44.93],[1.78,44.93],[1.8,44.92],[1.8,44.92],[1.83,44.93],[1.83,44.93],[1.84,44.94],[1.84,44.94],[1.84,44.94],[1.85,44.95],[1.89,44.96],[1.89,44.96],[1.91,44.98],[1.94,44.97],[1.94,44.97],[1.95,44.95],[1.95,44.95],[1.96,44.96],[2.01,44.98],[2.06,44.98],[2.06,44.98],[2.08,44.95],[2.08,44.95],[2.08,44.93],[2.11,44.91],[2.11,44.91],[2.08,44.89],[2.09,44.87],[2.1,44.87],[2.13,44.84],[2.13,44.84],[2.14,44.82],[2.14,44.82],[2.17,44.81],[2.17,44.79],[2.17,44.79],[2.17,44.78],[2.17,44.78],[2.16,44.77],[2.16,44.77],[2.15,44.77],[2.15,44.77],[2.15,44.77],[2.15,44.75],[2.15,44.75],[2.15,44.72],[2.13,44.7],[2.13,44.7],[2.14,44.69],[2.14,44.69],[2.16,44.7],[2.18,44.67],[2.18,44.67],[2.17,44.66],[2.17,44.66],[2.17,44.65],[2.17,44.65],[2.17,44.64],[2.17,44.64],[2.18,44.64],[2.2,44.62],[2.22,44.62],[2.22,44.62],[2.22,44.62],[2.21,44.64],[2.27,44.66],[2.27,44.66],[2.27,44.66],[2.29,44.67],[2.3,44.66],[2.32,44.67],[2.32,44.67],[2.35,44.64],[2.4,44.65],[2.4,44.65],[2.4,44.65],[2.44,44.64],[2.47,44.65],[2.47,44.65],[2.48,44.65],[2.48,44.65],[2.49,44.66],[2.5,44.69],[2.52,44.7],[2.52,44.7],[2.52,44.7],[2.56,44.72],[2.55,44.73],[2.55,44.73],[2.55,44.73],[2.55,44.76],[2.56,44.76],[2.56,44.78],[2.6,44.79],[2.6,44.82],[2.61,44.83],[2.61,44.83],[2.6,44.84],[2.62,44.85],[2.63,44.87],[2.63,44.87],[2.66,44.87],[2.66,44.89],[2.71,44.91],[2.71,44.93],[2.72,44.93],[2.72,44.93],[2.74,44.94],[2.74,44.94],[2.76,44.93],[2.78,44.91],[2.78,44.89],[2.78,44.89],[2.77,44.86],[2.78,44.86],[2.78,44.86],[2.81,44.87],[2.81,44.87],[2.85,44.87],[2.85,44.87],[2.86,44.87],[2.86,44.87],[2.86,44.85],[2.86,44.85],[2.88,44.8],[2.89,44.79],[2.92,44.79],[2.92,44.79],[2.93,44.78],[2.93,44.78],[2.94,44.77],[2.93,44.76],[2.92,44.77],[2.91,44.76],[2.91,44.76],[2.93,44.75],[2.93,44.75],[2.92,44.73],[2.93,44.72],[2.94,44.68],[2.96,44.66],[2.96,44.66],[2.97,44.65],[2.97,44.65],[2.98,44.64],[2.98,44.64],[2.99,44.64],[2.99,44.64],[3.03,44.6],[3.03,44.6],[3.06,44.59],[3.06,44.58],[3.06,44.58],[3.08,44.57],[3.08,44.57],[3.08,44.57],[3.07,44.53],[3.08,44.52],[3.08,44.52],[3.07,44.5],[3.1,44.48],[3.1,44.48],[3.14,44.45],[3.14,44.45],[3.14,44.43],[3.14,44.43],[3.13,44.41],[3.13,44.41],[3.14,44.39],[3.12,44.39],[3.12,44.37],[3.12,44.37],[3.13,44.36],[3.13,44.33],[3.15,44.33],[3.15,44.31],[3.13,44.29],[3.12,44.26],[3.14,44.26],[3.15,44.27],[3.16,44.25],[3.19,44.25],[3.23,44.23],[3.22,44.2],[3.22,44.2],[3.2,44.19],[3.23,44.19],[3.23,44.19],[3.24,44.19],[3.24,44.19],[3.26,44.2],[3.29,44.2],[3.29,44.21],[3.32,44.2],[3.36,44.2],[3.36,44.2],[3.37,44.17],[3.34,44.16],[3.32,44.14],[3.32,44.11],[3.32,44.11],[3.32,44.11],[3.27,44.09],[3.3,44.07],[3.32,44.08],[3.32,44.08],[3.33,44.08],[3.33,44.08],[3.34,44.05],[3.35,44.05],[3.35,44.05],[3.37,44.06],[3.37,44.05],[3.39,44.06],[3.4,44.04],[3.42,44.04],[3.45,44.02],[3.45,44.02],[3.44,44],[3.42,43.99],[3.41,43.97],[3.41,43.97],[3.38,43.97],[3.38,43.96],[3.35,43.94],[3.35,43.94],[3.36,43.91],[3.36,43.91],[3.34,43.89],[3.29,43.89],[3.27,43.9],[3.26,43.89],[3.26,43.89],[3.24,43.87],[3.25,43.84],[3.24,43.83],[3.24,43.83],[3.21,43.81],[3.18,43.81],[3.16,43.82],[3.15,43.81],[3.15,43.81],[3.09,43.84],[3.06,43.83],[3.05,43.8],[3.05,43.8],[3.06,43.78],[3.06,43.78],[3.07,43.76],[3.05,43.72],[3.07,43.71],[3.06,43.7],[3.06,43.7],[3.03,43.69],[3,43.71],[2.97,43.7],[2.97,43.7],[2.95,43.7],[2.94,43.69],[2.92,43.69],[2.92,43.66],[2.91,43.65],[2.88,43.66],[2.87,43.64],[2.81,43.64],[2.8,43.63],[2.8,43.63],[2.8,43.62],[2.78,43.63],[2.76,43.61],[2.75,43.61],[2.74,43.63],[2.69,43.65],[2.65,43.65],[2.65,43.66],[2.65,43.66],[2.63,43.61],[2.62,43.6],[2.62,43.6],[2.63,43.59],[2.62,43.57],[2.62,43.57],[2.68,43.51],[2.66,43.52],[2.66,43.48],[2.67,43.47],[2.67,43.47],[2.64,43.46],[2.64,43.46],[2.64,43.46],[2.62,43.44],[2.61,43.44],[2.61,43.44],[2.6,43.43],[2.6,43.43],[2.57,43.42],[2.57,43.42],[2.52,43.42],[2.49,43.44],[2.47,43.44],[2.47,43.44],[2.45,43.43],[2.41,43.43],[2.4,43.42],[2.4,43.42],[2.37,43.42],[2.37,43.42],[2.31,43.44],[2.3,43.45],[2.3,43.45],[2.28,43.44],[2.28,43.44],[2.27,43.45],[2.27,43.45],[2.26,43.46],[2.26,43.46],[2.24,43.45],[2.24,43.44],[2.24,43.44],[2.24,43.44],[2.22,43.43],[2.23,43.41],[2.22,43.38],[2.18,43.4],[2.17,43.42],[2.16,43.41],[2.13,43.4],[2.13,43.4],[2.1,43.4],[2.1,43.4],[2.07,43.4],[2.05,43.43],[2.03,43.44],[2.03,43.44],[2.03,43.42],[2.01,43.42],[1.99,43.41],[1.96,43.42],[1.96,43.42],[1.96,43.42],[1.92,43.42],[1.91,43.4],[1.91,43.4],[1.91,43.4],[1.9,43.41],[1.9,43.41],[1.9,43.41],[1.86,43.44],[1.86,43.44],[1.84,43.42],[1.84,43.42],[1.82,43.41],[1.82,43.41],[1.83,43.39],[1.8,43.39],[1.8,43.36],[1.82,43.35],[1.77,43.34],[1.77,43.34],[1.72,43.34],[1.74,43.32],[1.71,43.31],[1.71,43.3],[1.71,43.3],[1.7,43.28],[1.7,43.28],[1.69,43.27],[1.69,43.27],[1.72,43.22],[1.72,43.22],[1.71,43.19],[1.71,43.19],[1.75,43.18],[1.78,43.15],[1.8,43.16],[1.82,43.15],[1.82,43.15],[1.85,43.15],[1.85,43.15],[1.85,43.16],[1.85,43.16],[1.86,43.14],[1.88,43.14],[1.89,43.12],[1.89,43.12],[1.9,43.13],[1.93,43.13],[1.93,43.12],[1.93,43.12],[1.95,43.12],[1.96,43.09],[1.96,43.09],[1.95,43.08],[1.95,43.08],[1.95,43.08],[1.96,43.07],[1.96,43.07],[1.94,43.07],[1.95,43.05],[1.95,43.05],[1.98,43.04],[1.98,43.04],[1.99,43.02],[1.97,43.01],[1.97,43.01],[1.99,43],[1.98,42.99],[1.99,42.95],[1.99,42.95],[1.98,42.96],[1.95,42.96],[1.95,42.96],[1.93,42.94],[1.98,42.93],[1.98,42.93],[1.99,42.91],[1.99,42.91],[1.98,42.88],[1.98,42.88],[1.99,42.87],[1.96,42.86],[1.96,42.86],[1.89,42.85],[1.89,42.85],[1.88,42.85],[1.88,42.85],[1.88,42.85],[1.86,42.82],[1.86,42.82],[1.9,42.81],[1.9,42.8],[1.9,42.8],[1.93,42.77],[1.93,42.77],[1.91,42.77],[1.91,42.77],[1.91,42.76],[1.93,42.76],[1.93,42.76],[1.95,42.74],[1.99,42.74],[1.99,42.74],[2,42.74],[2,42.74],[2,42.73],[2.02,42.74],[2.02,42.74],[2.06,42.76],[2.08,42.75],[2.08,42.75],[2.1,42.73],[2.1,42.73],[2.14,42.71],[2.14,42.71],[2.16,42.7],[2.18,42.68],[2.17,42.66],[2.14,42.66],[2.13,42.67],[2.11,42.66],[2.07,42.67],[2.06,42.66],[2.02,42.65]]],[[[-0.11,43.31],[-0.09,43.3],[-0.09,43.3],[-0.09,43.3],[-0.1,43.29],[-0.08,43.28],[-0.08,43.26],[-0.09,43.26],[-0.09,43.26],[-0.1,43.24],[-0.1,43.24],[-0.13,43.25],[-0.14,43.28],[-0.14,43.28],[-0.11,43.31]]],[[[-0.09,43.37],[-0.09,43.37],[-0.08,43.37],[-0.08,43.37],[-0.08,43.37],[-0.06,43.35],[-0.06,43.35],[-0.06,43.34],[-0.06,43.34],[-0.07,43.32],[-0.07,43.32],[-0.07,43.32],[-0.08,43.31],[-0.08,43.31],[-0.08,43.31],[-0.11,43.31],[-0.11,43.34],[-0.09,43.33],[-0.09,43.33],[-0.09,43.36],[-0.09,43.36],[-0.09,43.37]]]]}},{"type":"Feature","properties":{"nom":"Limousin","code":"74"},"geometry":{"type":"Polygon","coordinates":[[[2.06,44.98],[2.06,44.98],[2.01,44.98],[1.96,44.96],[1.95,44.95],[1.95,44.95],[1.94,44.97],[1.94,44.97],[1.91,44.98],[1.89,44.96],[1.89,44.96],[1.85,44.95],[1.84,44.94],[1.84,44.94],[1.84,44.94],[1.83,44.93],[1.83,44.93],[1.8,44.92],[1.8,44.92],[1.78,44.93],[1.78,44.93],[1.77,44.92],[1.77,44.92],[1.77,44.93],[1.77,44.93],[1.75,44.94],[1.75,44.94],[1.76,44.94],[1.75,44.96],[1.74,44.96],[1.74,44.96],[1.71,44.97],[1.71,44.97],[1.71,44.97],[1.71,44.97],[1.7,44.99],[1.7,44.99],[1.69,44.99],[1.69,44.99],[1.68,45],[1.68,45],[1.67,45],[1.65,45.03],[1.65,45.03],[1.63,45.03],[1.63,45.03],[1.61,45.03],[1.61,45.03],[1.61,45.03],[1.6,45.04],[1.57,45.04],[1.54,45.03],[1.54,45.04],[1.51,45.04],[1.48,45.03],[1.48,45.03],[1.46,45.01],[1.45,45.02],[1.43,45.03],[1.43,45.03],[1.4,45.06],[1.4,45.06],[1.4,45.08],[1.4,45.08],[1.39,45.1],[1.39,45.1],[1.38,45.1],[1.38,45.1],[1.38,45.11],[1.38,45.11],[1.41,45.11],[1.41,45.12],[1.41,45.12],[1.4,45.13],[1.4,45.13],[1.38,45.14],[1.37,45.13],[1.35,45.14],[1.35,45.14],[1.35,45.14],[1.29,45.14],[1.26,45.16],[1.28,45.17],[1.28,45.17],[1.29,45.19],[1.29,45.19],[1.29,45.19],[1.27,45.2],[1.23,45.2],[1.23,45.2],[1.23,45.22],[1.23,45.22],[1.24,45.22],[1.28,45.24],[1.28,45.26],[1.26,45.25],[1.24,45.26],[1.24,45.26],[1.23,45.27],[1.24,45.3],[1.24,45.3],[1.24,45.32],[1.24,45.32],[1.26,45.32],[1.3,45.36],[1.31,45.36],[1.31,45.36],[1.32,45.38],[1.32,45.38],[1.3,45.39],[1.27,45.39],[1.26,45.4],[1.26,45.4],[1.27,45.42],[1.29,45.42],[1.29,45.42],[1.27,45.44],[1.27,45.44],[1.25,45.44],[1.25,45.44],[1.24,45.44],[1.24,45.44],[1.23,45.46],[1.18,45.46],[1.16,45.48],[1.16,45.48],[1.13,45.47],[1.12,45.49],[1.12,45.49],[1.15,45.52],[1.17,45.53],[1.13,45.54],[1.13,45.54],[1.08,45.53],[1.08,45.53],[1.06,45.55],[1.06,45.55],[1.06,45.55],[1.03,45.58],[1.04,45.59],[1.02,45.61],[0.9,45.61],[0.89,45.6],[0.89,45.6],[0.87,45.62],[0.87,45.62],[0.86,45.61],[0.86,45.61],[0.85,45.59],[0.85,45.59],[0.84,45.58],[0.81,45.58],[0.81,45.58],[0.8,45.6],[0.78,45.59],[0.75,45.62],[0.75,45.62],[0.78,45.67],[0.76,45.67],[0.74,45.69],[0.68,45.69],[0.68,45.69],[0.65,45.69],[0.65,45.7],[0.63,45.71],[0.65,45.73],[0.65,45.73],[0.65,45.74],[0.67,45.75],[0.67,45.75],[0.71,45.76],[0.71,45.76],[0.71,45.8],[0.72,45.81],[0.77,45.79],[0.77,45.79],[0.78,45.79],[0.78,45.82],[0.78,45.82],[0.8,45.83],[0.82,45.87],[0.82,45.87],[0.81,45.87],[0.81,45.87],[0.83,45.88],[0.81,45.9],[0.82,45.92],[0.81,45.93],[0.81,45.93],[0.84,45.92],[0.88,45.92],[0.92,45.94],[0.92,45.94],[0.92,45.94],[0.92,45.95],[0.92,45.95],[0.94,45.96],[0.93,45.99],[0.92,46],[0.92,46],[0.91,46.02],[0.91,46.02],[0.89,46.03],[0.89,46.03],[0.86,46.02],[0.85,46.04],[0.82,46.05],[0.82,46.05],[0.83,46.07],[0.82,46.08],[0.83,46.09],[0.83,46.09],[0.83,46.09],[0.81,46.12],[0.82,46.13],[0.82,46.13],[0.84,46.13],[0.84,46.13],[0.85,46.14],[0.83,46.16],[0.83,46.17],[0.83,46.17],[0.81,46.2],[0.8,46.2],[0.8,46.2],[0.8,46.21],[0.8,46.21],[0.81,46.23],[0.85,46.23],[0.86,46.26],[0.86,46.26],[0.89,46.27],[0.9,46.29],[0.93,46.28],[0.93,46.28],[0.94,46.29],[0.97,46.29],[0.99,46.28],[0.99,46.28],[1,46.28],[1,46.28],[1.03,46.33],[1.03,46.34],[1.03,46.34],[1.05,46.36],[1.05,46.36],[1.1,46.36],[1.11,46.35],[1.13,46.36],[1.13,46.36],[1.15,46.37],[1.16,46.39],[1.16,46.39],[1.18,46.38],[1.18,46.38],[1.19,46.38],[1.19,46.38],[1.19,46.38],[1.21,46.39],[1.21,46.39],[1.21,46.37],[1.24,46.37],[1.25,46.38],[1.28,46.38],[1.28,46.37],[1.31,46.37],[1.31,46.38],[1.34,46.4],[1.34,46.4],[1.36,46.4],[1.36,46.4],[1.39,46.37],[1.4,46.37],[1.4,46.37],[1.41,46.35],[1.44,46.36],[1.44,46.36],[1.46,46.38],[1.53,46.43],[1.55,46.4],[1.57,46.41],[1.57,46.41],[1.59,46.41],[1.6,46.42],[1.62,46.42],[1.61,46.4],[1.63,46.39],[1.66,46.4],[1.66,46.4],[1.68,46.42],[1.68,46.42],[1.71,46.39],[1.73,46.39],[1.73,46.39],[1.75,46.41],[1.75,46.41],[1.76,46.44],[1.76,46.44],[1.75,46.45],[1.75,46.45],[1.75,46.45],[1.78,46.46],[1.8,46.45],[1.8,46.45],[1.82,46.43],[1.88,46.43],[1.88,46.43],[1.9,46.44],[1.9,46.44],[1.93,46.43],[1.98,46.44],[1.98,46.44],[1.99,46.44],[1.99,46.44],[1.99,46.43],[2.03,46.43],[2.03,46.42],[2.06,46.42],[2.06,46.42],[2.09,46.41],[2.09,46.41],[2.12,46.42],[2.18,46.42],[2.18,46.42],[2.19,46.43],[2.22,46.42],[2.25,46.43],[2.25,46.43],[2.28,46.42],[2.28,46.42],[2.28,46.41],[2.28,46.41],[2.28,46.41],[2.28,46.39],[2.28,46.39],[2.29,46.38],[2.33,46.38],[2.34,46.37],[2.34,46.37],[2.34,46.37],[2.32,46.37],[2.31,46.35],[2.31,46.33],[2.33,46.33],[2.37,46.31],[2.37,46.31],[2.39,46.33],[2.39,46.33],[2.42,46.31],[2.42,46.31],[2.42,46.29],[2.44,46.29],[2.44,46.29],[2.47,46.29],[2.48,46.28],[2.48,46.28],[2.49,46.25],[2.49,46.25],[2.52,46.24],[2.52,46.24],[2.52,46.2],[2.53,46.19],[2.53,46.19],[2.56,46.17],[2.57,46.14],[2.56,46.14],[2.56,46.14],[2.55,46.12],[2.55,46.12],[2.55,46.09],[2.55,46.09],[2.55,46.08],[2.57,46.05],[2.6,46.04],[2.6,46.03],[2.6,46.03],[2.6,46.02],[2.6,46.02],[2.59,46],[2.61,45.97],[2.61,45.97],[2.57,45.96],[2.55,45.94],[2.55,45.94],[2.54,45.92],[2.54,45.92],[2.55,45.91],[2.55,45.91],[2.51,45.89],[2.49,45.86],[2.49,45.86],[2.47,45.87],[2.47,45.87],[2.47,45.87],[2.44,45.87],[2.44,45.86],[2.44,45.86],[2.45,45.85],[2.45,45.85],[2.43,45.84],[2.43,45.83],[2.4,45.84],[2.39,45.82],[2.43,45.79],[2.43,45.77],[2.43,45.77],[2.45,45.76],[2.45,45.76],[2.49,45.74],[2.52,45.71],[2.53,45.69],[2.53,45.69],[2.51,45.67],[2.51,45.67],[2.53,45.66],[2.52,45.64],[2.52,45.64],[2.48,45.64],[2.48,45.61],[2.46,45.59],[2.49,45.57],[2.51,45.55],[2.52,45.55],[2.52,45.55],[2.52,45.52],[2.51,45.5],[2.51,45.5],[2.51,45.47],[2.5,45.46],[2.5,45.46],[2.5,45.45],[2.5,45.45],[2.49,45.42],[2.49,45.42],[2.52,45.4],[2.52,45.4],[2.52,45.38],[2.52,45.38],[2.52,45.38],[2.49,45.38],[2.48,45.37],[2.48,45.37],[2.47,45.38],[2.44,45.38],[2.44,45.39],[2.44,45.39],[2.42,45.4],[2.42,45.4],[2.4,45.4],[2.4,45.4],[2.38,45.41],[2.38,45.41],[2.35,45.41],[2.37,45.39],[2.36,45.38],[2.36,45.34],[2.36,45.34],[2.34,45.33],[2.34,45.33],[2.31,45.31],[2.31,45.31],[2.29,45.29],[2.27,45.29],[2.27,45.29],[2.27,45.29],[2.26,45.28],[2.26,45.28],[2.24,45.27],[2.24,45.25],[2.2,45.23],[2.2,45.22],[2.2,45.22],[2.19,45.22],[2.19,45.22],[2.2,45.2],[2.2,45.18],[2.23,45.17],[2.23,45.16],[2.23,45.16],[2.21,45.16],[2.2,45.14],[2.18,45.14],[2.19,45.12],[2.17,45.08],[2.17,45.08],[2.16,45.09],[2.14,45.09],[2.1,45.06],[2.1,45.06],[2.1,45.06],[2.1,45.06],[2.12,45.02],[2.14,45.01],[2.14,45.01],[2.14,45],[2.11,44.98],[2.09,44.99],[2.09,44.98],[2.06,44.98]]]}},{"type":"Feature","properties":{"nom":"Rhône-Alpes","code":"82"},"geometry":{"type":"Polygon","coordinates":[[[6.32,45],[6.32,45],[6.32,44.96],[6.35,44.94],[6.36,44.91],[6.35,44.88],[6.35,44.88],[6.36,44.85],[6.34,44.85],[6.3,44.87],[6.27,44.87],[6.25,44.85],[6.2,44.86],[6.17,44.85],[6.17,44.85],[6.16,44.86],[6.13,44.86],[6.09,44.84],[6.06,44.82],[6.05,44.82],[6.03,44.84],[6.02,44.84],[6,44.82],[5.98,44.82],[5.98,44.82],[5.95,44.8],[5.95,44.8],[5.98,44.79],[5.98,44.78],[5.98,44.78],[5.98,44.78],[5.95,44.77],[5.95,44.77],[5.95,44.76],[5.95,44.76],[5.92,44.75],[5.89,44.76],[5.89,44.75],[5.85,44.75],[5.83,44.76],[5.83,44.76],[5.83,44.74],[5.81,44.71],[5.81,44.71],[5.81,44.71],[5.83,44.7],[5.83,44.69],[5.81,44.68],[5.81,44.68],[5.79,44.65],[5.79,44.65],[5.75,44.65],[5.73,44.64],[5.68,44.65],[5.64,44.65],[5.64,44.65],[5.64,44.62],[5.65,44.62],[5.65,44.62],[5.63,44.59],[5.63,44.59],[5.62,44.59],[5.61,44.57],[5.61,44.57],[5.61,44.57],[5.6,44.54],[5.65,44.52],[5.66,44.5],[5.66,44.5],[5.66,44.5],[5.63,44.5],[5.63,44.5],[5.62,44.48],[5.6,44.47],[5.6,44.47],[5.55,44.48],[5.55,44.48],[5.51,44.49],[5.51,44.49],[5.47,44.49],[5.47,44.5],[5.47,44.5],[5.46,44.49],[5.46,44.49],[5.46,44.45],[5.46,44.45],[5.5,44.44],[5.49,44.43],[5.49,44.43],[5.49,44.43],[5.47,44.42],[5.43,44.43],[5.43,44.41],[5.44,44.37],[5.44,44.37],[5.46,44.37],[5.47,44.35],[5.47,44.35],[5.49,44.34],[5.49,44.34],[5.52,44.35],[5.54,44.34],[5.54,44.33],[5.57,44.33],[5.57,44.33],[5.59,44.33],[5.59,44.33],[5.63,44.33],[5.63,44.33],[5.61,44.32],[5.63,44.3],[5.63,44.3],[5.63,44.28],[5.65,44.27],[5.65,44.27],[5.69,44.27],[5.67,44.26],[5.68,44.23],[5.68,44.23],[5.69,44.2],[5.68,44.19],[5.65,44.19],[5.65,44.19],[5.64,44.17],[5.68,44.16],[5.68,44.16],[5.68,44.15],[5.63,44.15],[5.64,44.17],[5.61,44.19],[5.61,44.19],[5.58,44.19],[5.58,44.19],[5.56,44.17],[5.58,44.16],[5.55,44.15],[5.55,44.15],[5.55,44.15],[5.54,44.13],[5.51,44.12],[5.51,44.12],[5.45,44.12],[5.45,44.12],[5.45,44.14],[5.44,44.14],[5.44,44.14],[5.42,44.15],[5.42,44.15],[5.38,44.16],[5.38,44.16],[5.39,44.18],[5.38,44.2],[5.38,44.2],[5.38,44.2],[5.36,44.21],[5.34,44.2],[5.3,44.21],[5.3,44.21],[5.3,44.21],[5.28,44.22],[5.28,44.22],[5.25,44.23],[5.25,44.23],[5.24,44.23],[5.24,44.23],[5.24,44.21],[5.21,44.21],[5.16,44.23],[5.15,44.24],[5.15,44.24],[5.16,44.25],[5.16,44.25],[5.16,44.27],[5.15,44.28],[5.17,44.3],[5.17,44.3],[5.17,44.31],[5.17,44.31],[5.17,44.31],[5.15,44.31],[5.15,44.3],[5.11,44.28],[5.08,44.28],[5.06,44.31],[5.06,44.31],[5.02,44.29],[4.99,44.29],[4.99,44.29],[4.97,44.28],[4.97,44.28],[4.94,44.27],[4.93,44.26],[4.93,44.26],[4.9,44.26],[4.9,44.26],[4.9,44.26],[4.88,44.26],[4.88,44.26],[4.83,44.23],[4.81,44.23],[4.81,44.26],[4.8,44.28],[4.8,44.28],[4.8,44.3],[4.8,44.3],[4.78,44.32],[4.76,44.33],[4.76,44.33],[4.72,44.33],[4.72,44.33],[4.71,44.32],[4.68,44.32],[4.65,44.33],[4.65,44.33],[4.65,44.33],[4.65,44.29],[4.65,44.29],[4.65,44.27],[4.62,44.28],[4.62,44.28],[4.61,44.29],[4.61,44.29],[4.6,44.29],[4.6,44.29],[4.57,44.3],[4.57,44.3],[4.56,44.3],[4.55,44.32],[4.55,44.32],[4.55,44.32],[4.51,44.33],[4.51,44.34],[4.51,44.34],[4.46,44.34],[4.46,44.34],[4.45,44.33],[4.45,44.33],[4.45,44.3],[4.45,44.3],[4.45,44.3],[4.44,44.28],[4.44,44.28],[4.43,44.29],[4.39,44.29],[4.4,44.32],[4.4,44.34],[4.39,44.35],[4.39,44.35],[4.38,44.34],[4.33,44.34],[4.32,44.32],[4.29,44.32],[4.29,44.29],[4.29,44.29],[4.26,44.26],[4.23,44.28],[4.23,44.28],[4.18,44.3],[4.18,44.32],[4.14,44.31],[4.13,44.34],[4.11,44.33],[4.11,44.33],[4.11,44.33],[4.07,44.33],[4.06,44.32],[4.06,44.32],[4.05,44.32],[4.05,44.32],[4.04,44.33],[4.04,44.33],[4.05,44.33],[4.05,44.36],[4.06,44.36],[4.05,44.38],[4.05,44.38],[4.07,44.41],[4.05,44.41],[4.04,44.42],[4.05,44.43],[4.04,44.45],[4.02,44.45],[4.02,44.45],[4.02,44.45],[4,44.46],[4,44.46],[3.99,44.47],[3.99,44.5],[3.98,44.52],[3.98,44.52],[3.98,44.52],[3.96,44.54],[3.96,44.56],[3.95,44.57],[3.92,44.57],[3.92,44.57],[3.92,44.59],[3.91,44.61],[3.91,44.61],[3.89,44.62],[3.89,44.66],[3.87,44.68],[3.88,44.69],[3.88,44.69],[3.87,44.7],[3.87,44.7],[3.86,44.72],[3.88,44.74],[3.86,44.74],[3.87,44.76],[3.9,44.75],[3.91,44.77],[3.91,44.77],[3.92,44.77],[3.92,44.77],[3.92,44.77],[3.94,44.8],[3.94,44.82],[3.96,44.83],[3.96,44.83],[3.98,44.81],[3.98,44.81],[3.98,44.83],[3.98,44.83],[4,44.82],[4.03,44.83],[4.03,44.83],[4.02,44.85],[4.03,44.87],[4.08,44.87],[4.08,44.87],[4.12,44.88],[4.14,44.87],[4.16,44.87],[4.19,44.91],[4.19,44.91],[4.19,44.91],[4.21,44.93],[4.22,44.93],[4.22,44.96],[4.23,44.97],[4.26,44.96],[4.28,44.97],[4.31,44.97],[4.31,44.98],[4.31,44.98],[4.31,44.99],[4.29,44.99],[4.3,45.02],[4.32,45.03],[4.35,45.03],[4.35,45.03],[4.38,45.04],[4.38,45.04],[4.37,45.06],[4.35,45.08],[4.35,45.08],[4.36,45.09],[4.36,45.09],[4.36,45.1],[4.36,45.1],[4.39,45.1],[4.4,45.12],[4.37,45.13],[4.38,45.14],[4.38,45.14],[4.41,45.14],[4.43,45.13],[4.44,45.11],[4.44,45.11],[4.44,45.11],[4.46,45.12],[4.46,45.12],[4.44,45.15],[4.46,45.17],[4.46,45.17],[4.48,45.2],[4.48,45.2],[4.49,45.22],[4.48,45.24],[4.48,45.24],[4.45,45.26],[4.45,45.26],[4.42,45.28],[4.42,45.27],[4.39,45.26],[4.39,45.26],[4.37,45.26],[4.37,45.26],[4.35,45.28],[4.36,45.29],[4.36,45.29],[4.37,45.3],[4.37,45.3],[4.35,45.3],[4.33,45.32],[4.36,45.34],[4.34,45.37],[4.31,45.37],[4.31,45.37],[4.3,45.36],[4.3,45.36],[4.27,45.36],[4.27,45.36],[4.24,45.39],[4.24,45.39],[4.2,45.38],[4.16,45.39],[4.16,45.39],[4.15,45.38],[4.16,45.37],[4.12,45.37],[4.11,45.35],[4.1,45.36],[4.1,45.36],[4.08,45.36],[4.07,45.34],[4.07,45.34],[4.04,45.35],[4.04,45.35],[4.03,45.35],[4.02,45.33],[4.01,45.33],[4.01,45.33],[4,45.36],[4,45.36],[3.98,45.38],[3.96,45.37],[3.94,45.37],[3.91,45.34],[3.91,45.34],[3.9,45.34],[3.9,45.34],[3.89,45.37],[3.89,45.39],[3.9,45.41],[3.9,45.41],[3.91,45.42],[3.91,45.42],[3.96,45.44],[3.96,45.44],[3.96,45.44],[3.96,45.44],[3.97,45.45],[3.97,45.45],[3.97,45.47],[3.97,45.47],[3.99,45.49],[3.97,45.5],[3.97,45.5],[3.96,45.51],[3.96,45.51],[3.95,45.54],[3.95,45.56],[3.94,45.57],[3.94,45.57],[3.91,45.59],[3.91,45.6],[3.88,45.6],[3.86,45.62],[3.86,45.62],[3.82,45.64],[3.82,45.64],[3.8,45.66],[3.78,45.69],[3.78,45.71],[3.78,45.71],[3.78,45.72],[3.78,45.72],[3.76,45.75],[3.75,45.74],[3.73,45.76],[3.73,45.76],[3.73,45.76],[3.73,45.76],[3.74,45.77],[3.73,45.78],[3.7,45.78],[3.73,45.83],[3.72,45.85],[3.72,45.85],[3.73,45.86],[3.73,45.86],[3.72,45.87],[3.72,45.87],[3.75,45.88],[3.75,45.89],[3.75,45.89],[3.73,45.92],[3.69,45.93],[3.69,45.93],[3.69,45.95],[3.7,45.97],[3.75,45.97],[3.76,45.98],[3.76,45.98],[3.78,45.97],[3.81,45.98],[3.81,45.98],[3.83,46],[3.83,46],[3.83,46],[3.83,46],[3.82,46.01],[3.81,46.05],[3.81,46.05],[3.82,46.08],[3.82,46.08],[3.82,46.09],[3.82,46.09],[3.82,46.09],[3.79,46.11],[3.8,46.13],[3.79,46.16],[3.81,46.16],[3.81,46.16],[3.81,46.17],[3.79,46.19],[3.79,46.22],[3.77,46.23],[3.77,46.24],[3.77,46.24],[3.8,46.24],[3.8,46.24],[3.81,46.26],[3.85,46.26],[3.85,46.26],[3.87,46.26],[3.88,46.27],[3.88,46.27],[3.9,46.28],[3.91,46.26],[3.91,46.26],[3.89,46.21],[3.91,46.21],[3.91,46.21],[3.92,46.2],[3.94,46.21],[3.97,46.2],[3.97,46.2],[3.97,46.19],[3.99,46.17],[3.99,46.17],[4.03,46.17],[4.03,46.17],[4.05,46.18],[4.05,46.18],[4.06,46.19],[4.06,46.19],[4.08,46.19],[4.08,46.19],[4.1,46.2],[4.1,46.2],[4.13,46.18],[4.13,46.18],[4.13,46.18],[4.14,46.18],[4.14,46.18],[4.18,46.17],[4.18,46.19],[4.22,46.19],[4.22,46.19],[4.22,46.18],[4.22,46.18],[4.23,46.18],[4.23,46.18],[4.24,46.19],[4.26,46.18],[4.26,46.18],[4.25,46.17],[4.25,46.17],[4.25,46.16],[4.28,46.16],[4.28,46.16],[4.3,46.17],[4.3,46.17],[4.31,46.17],[4.31,46.17],[4.33,46.18],[4.33,46.18],[4.33,46.18],[4.37,46.19],[4.37,46.19],[4.36,46.2],[4.39,46.21],[4.39,46.25],[4.39,46.25],[4.4,46.27],[4.4,46.27],[4.4,46.27],[4.41,46.3],[4.41,46.3],[4.45,46.3],[4.48,46.28],[4.49,46.29],[4.5,46.27],[4.5,46.27],[4.55,46.27],[4.56,46.29],[4.56,46.29],[4.57,46.29],[4.57,46.29],[4.58,46.27],[4.61,46.27],[4.62,46.26],[4.62,46.28],[4.62,46.28],[4.64,46.3],[4.69,46.3],[4.69,46.3],[4.71,46.28],[4.71,46.28],[4.71,46.27],[4.68,46.27],[4.68,46.27],[4.69,46.25],[4.71,46.25],[4.71,46.25],[4.74,46.23],[4.72,46.23],[4.73,46.21],[4.72,46.2],[4.72,46.2],[4.72,46.18],[4.76,46.17],[4.78,46.18],[4.78,46.18],[4.8,46.22],[4.8,46.22],[4.81,46.25],[4.81,46.25],[4.82,46.27],[4.82,46.27],[4.83,46.28],[4.84,46.31],[4.84,46.31],[4.85,46.33],[4.85,46.33],[4.85,46.35],[4.85,46.35],[4.86,46.37],[4.86,46.37],[4.86,46.37],[4.87,46.38],[4.87,46.38],[4.87,46.38],[4.89,46.4],[4.89,46.42],[4.89,46.42],[4.89,46.43],[4.89,46.43],[4.89,46.44],[4.89,46.44],[4.89,46.45],[4.91,46.46],[4.91,46.46],[4.91,46.48],[4.91,46.48],[4.93,46.5],[4.93,46.5],[4.93,46.5],[4.93,46.5],[4.93,46.51],[4.93,46.51],[4.93,46.51],[4.95,46.51],[4.95,46.51],[4.95,46.5],[4.98,46.52],[5.01,46.51],[5.01,46.51],[5.01,46.5],[5.01,46.5],[5.05,46.49],[5.05,46.48],[5.1,46.5],[5.11,46.49],[5.13,46.5],[5.13,46.5],[5.14,46.51],[5.16,46.5],[5.17,46.52],[5.2,46.5],[5.2,46.5],[5.21,46.49],[5.21,46.49],[5.22,46.47],[5.22,46.47],[5.22,46.47],[5.24,46.46],[5.24,46.46],[5.27,46.45],[5.27,46.45],[5.31,46.45],[5.32,46.43],[5.31,46.42],[5.31,46.42],[5.31,46.41],[5.31,46.41],[5.37,46.39],[5.37,46.39],[5.38,46.38],[5.38,46.38],[5.37,46.37],[5.38,46.36],[5.38,46.36],[5.37,46.35],[5.4,46.34],[5.4,46.32],[5.4,46.32],[5.41,46.31],[5.41,46.31],[5.42,46.35],[5.44,46.32],[5.44,46.32],[5.47,46.32],[5.47,46.32],[5.47,46.27],[5.5,46.27],[5.5,46.27],[5.51,46.26],[5.56,46.28],[5.56,46.29],[5.56,46.29],[5.59,46.29],[5.6,46.31],[5.6,46.31],[5.61,46.33],[5.64,46.33],[5.65,46.34],[5.65,46.34],[5.65,46.32],[5.68,46.32],[5.68,46.32],[5.68,46.31],[5.71,46.31],[5.72,46.29],[5.72,46.26],[5.73,46.26],[5.73,46.26],[5.73,46.26],[5.77,46.27],[5.81,46.26],[5.85,46.26],[5.87,46.27],[5.87,46.26],[5.89,46.29],[5.91,46.28],[5.92,46.31],[5.94,46.31],[5.94,46.31],[5.94,46.31],[5.98,46.35],[5.98,46.36],[6.03,46.39],[6.06,46.42],[6.06,46.42],[6.06,46.42],[6.1,46.41],[6.17,46.37],[6.16,46.35],[6.14,46.34],[6.14,46.33],[6.12,46.32],[6.12,46.3],[6.1,46.28],[6.12,46.27],[6.12,46.24],[6.08,46.25],[6.04,46.23],[6.04,46.24],[5.97,46.21],[5.96,46.2],[5.99,46.19],[5.99,46.17],[5.97,46.16],[5.96,46.14],[6.05,46.14],[6.05,46.15],[6.1,46.15],[6.13,46.14],[6.18,46.16],[6.19,46.18],[6.25,46.21],[6.29,46.22],[6.31,46.24],[6.31,46.26],[6.26,46.25],[6.24,46.28],[6.24,46.3],[6.26,46.32],[6.27,46.34],[6.3,46.37],[6.35,46.37],[6.36,46.35],[6.39,46.34],[6.41,46.36],[6.44,46.36],[6.47,46.38],[6.51,46.4],[6.62,46.4],[6.64,46.41],[6.72,46.41],[6.79,46.39],[6.8,46.38],[6.77,46.36],[6.77,46.35],[6.8,46.32],[6.83,46.3],[6.86,46.29],[6.85,46.25],[6.84,46.25],[6.81,46.2],[6.81,46.18],[6.79,46.15],[6.81,46.13],[6.85,46.13],[6.9,46.12],[6.89,46.11],[6.89,46.08],[6.87,46.06],[6.87,46.05],[6.89,46.04],[6.92,46.06],[6.94,46.06],[6.96,46.03],[7.01,46],[7.02,45.98],[7.01,45.97],[7.04,45.95],[7.04,45.92],[7,45.89],[7,45.87],[6.95,45.86],[6.91,45.84],[6.88,45.85],[6.86,45.83],[6.85,45.84],[6.82,45.84],[6.8,45.82],[6.81,45.81],[6.8,45.79],[6.81,45.75],[6.82,45.74],[6.81,45.73],[6.85,45.69],[6.87,45.68],[6.91,45.68],[6.9,45.66],[6.92,45.65],[6.98,45.65],[7,45.64],[6.98,45.59],[7,45.54],[7,45.5],[7.05,45.5],[7.06,45.49],[7.05,45.47],[7.1,45.47],[7.11,45.45],[7.11,45.43],[7.15,45.42],[7.18,45.4],[7.16,45.38],[7.16,45.36],[7.14,45.35],[7.13,45.33],[7.11,45.33],[7.12,45.3],[7.14,45.28],[7.13,45.27],[7.14,45.25],[7.11,45.24],[7.07,45.21],[7.05,45.22],[7,45.22],[6.97,45.21],[6.95,45.19],[6.95,45.17],[6.89,45.17],[6.9,45.14],[6.85,45.13],[6.77,45.16],[6.75,45.14],[6.68,45.14],[6.67,45.12],[6.64,45.12],[6.63,45.11],[6.63,45.11],[6.61,45.12],[6.57,45.12],[6.56,45.11],[6.56,45.11],[6.54,45.1],[6.51,45.11],[6.51,45.11],[6.48,45.09],[6.49,45.06],[6.45,45.05],[6.43,45.06],[6.4,45.06],[6.36,45.07],[6.37,45.08],[6.36,45.11],[6.33,45.12],[6.33,45.12],[6.32,45.11],[6.28,45.11],[6.26,45.13],[6.26,45.12],[6.23,45.11],[6.24,45.07],[6.22,45.07],[6.2,45.01],[6.26,45],[6.32,45]],[[4.87,44.35],[4.87,44.35],[4.9,44.34],[4.88,44.33],[4.89,44.31],[4.89,44.31],[4.89,44.3],[4.92,44.31],[4.92,44.31],[4.98,44.3],[4.99,44.29],[4.99,44.31],[5.01,44.33],[5.01,44.33],[5.03,44.36],[5.07,44.37],[5.07,44.38],[5.07,44.38],[5.07,44.38],[5.02,44.39],[5.01,44.41],[5.01,44.41],[4.97,44.43],[4.96,44.42],[4.96,44.42],[4.95,44.42],[4.95,44.42],[4.91,44.4],[4.91,44.37],[4.89,44.37],[4.87,44.35]]]}},{"type":"Feature","properties":{"nom":"Auvergne","code":"83"},"geometry":{"type":"Polygon","coordinates":[[[2.53,46.19],[2.53,46.19],[2.52,46.2],[2.52,46.24],[2.52,46.24],[2.49,46.25],[2.49,46.25],[2.48,46.28],[2.48,46.28],[2.47,46.29],[2.44,46.29],[2.44,46.29],[2.42,46.29],[2.42,46.31],[2.42,46.31],[2.39,46.33],[2.39,46.33],[2.37,46.31],[2.37,46.31],[2.33,46.33],[2.31,46.33],[2.31,46.35],[2.32,46.37],[2.34,46.37],[2.34,46.37],[2.34,46.37],[2.33,46.38],[2.29,46.38],[2.28,46.39],[2.28,46.39],[2.28,46.41],[2.28,46.41],[2.28,46.41],[2.28,46.42],[2.28,46.45],[2.31,46.48],[2.32,46.47],[2.32,46.47],[2.33,46.48],[2.33,46.48],[2.32,46.49],[2.36,46.52],[2.41,46.52],[2.43,46.53],[2.45,46.52],[2.48,46.53],[2.48,46.53],[2.52,46.53],[2.54,46.52],[2.54,46.52],[2.61,46.55],[2.61,46.57],[2.61,46.57],[2.6,46.6],[2.58,46.59],[2.57,46.61],[2.57,46.61],[2.59,46.62],[2.58,46.63],[2.6,46.64],[2.59,46.65],[2.59,46.65],[2.57,46.66],[2.57,46.66],[2.61,46.67],[2.61,46.66],[2.63,46.67],[2.63,46.67],[2.62,46.69],[2.65,46.69],[2.66,46.7],[2.68,46.7],[2.7,46.72],[2.7,46.74],[2.73,46.75],[2.73,46.75],[2.74,46.73],[2.76,46.72],[2.76,46.72],[2.77,46.72],[2.77,46.72],[2.82,46.74],[2.84,46.74],[2.84,46.74],[2.88,46.76],[2.88,46.77],[2.91,46.78],[2.91,46.78],[2.91,46.79],[2.94,46.8],[2.94,46.79],[2.94,46.79],[2.96,46.8],[3.02,46.8],[3.03,46.79],[3.03,46.79],[3.05,46.76],[3.08,46.74],[3.08,46.74],[3.1,46.73],[3.1,46.73],[3.13,46.73],[3.15,46.71],[3.15,46.71],[3.17,46.69],[3.2,46.68],[3.2,46.68],[3.23,46.69],[3.23,46.7],[3.23,46.7],[3.28,46.72],[3.28,46.72],[3.3,46.72],[3.3,46.7],[3.32,46.69],[3.37,46.69],[3.39,46.71],[3.39,46.71],[3.43,46.71],[3.44,46.69],[3.45,46.69],[3.45,46.69],[3.44,46.66],[3.45,46.65],[3.49,46.65],[3.49,46.66],[3.52,46.69],[3.53,46.69],[3.53,46.69],[3.55,46.68],[3.55,46.68],[3.56,46.69],[3.55,46.72],[3.55,46.72],[3.57,46.72],[3.57,46.72],[3.58,46.72],[3.58,46.72],[3.6,46.73],[3.58,46.75],[3.63,46.75],[3.63,46.75],[3.63,46.75],[3.62,46.74],[3.64,46.72],[3.65,46.69],[3.7,46.65],[3.7,46.65],[3.7,46.65],[3.7,46.65],[3.72,46.63],[3.72,46.61],[3.74,46.59],[3.74,46.58],[3.74,46.58],[3.74,46.58],[3.74,46.56],[3.74,46.56],[3.73,46.55],[3.73,46.55],[3.74,46.54],[3.77,46.54],[3.78,46.53],[3.78,46.53],[3.81,46.52],[3.81,46.52],[3.84,46.53],[3.85,46.51],[3.85,46.51],[3.86,46.52],[3.86,46.5],[3.89,46.48],[3.9,46.49],[3.9,46.49],[3.92,46.5],[3.93,46.49],[3.96,46.49],[3.95,46.48],[3.97,46.48],[3.97,46.48],[4,46.46],[4,46.46],[4,46.43],[4,46.43],[3.98,46.42],[3.98,46.42],[3.99,46.41],[3.98,46.39],[3.98,46.39],[3.99,46.35],[3.99,46.35],[3.99,46.35],[3.99,46.33],[3.99,46.33],[3.99,46.32],[3.95,46.32],[3.95,46.3],[3.9,46.29],[3.9,46.28],[3.88,46.27],[3.88,46.27],[3.87,46.26],[3.85,46.26],[3.85,46.26],[3.81,46.26],[3.8,46.24],[3.8,46.24],[3.77,46.24],[3.77,46.24],[3.77,46.23],[3.79,46.22],[3.79,46.19],[3.81,46.17],[3.81,46.16],[3.81,46.16],[3.79,46.16],[3.8,46.13],[3.79,46.11],[3.82,46.09],[3.82,46.09],[3.82,46.09],[3.82,46.08],[3.82,46.08],[3.81,46.05],[3.81,46.05],[3.82,46.01],[3.83,46],[3.83,46],[3.83,46],[3.83,46],[3.81,45.98],[3.81,45.98],[3.78,45.97],[3.76,45.98],[3.76,45.98],[3.75,45.97],[3.7,45.97],[3.69,45.95],[3.69,45.93],[3.69,45.93],[3.73,45.92],[3.75,45.89],[3.75,45.89],[3.75,45.88],[3.72,45.87],[3.72,45.87],[3.73,45.86],[3.73,45.86],[3.72,45.85],[3.72,45.85],[3.73,45.83],[3.7,45.78],[3.73,45.78],[3.74,45.77],[3.73,45.76],[3.73,45.76],[3.73,45.76],[3.73,45.76],[3.75,45.74],[3.76,45.75],[3.78,45.72],[3.78,45.72],[3.78,45.71],[3.78,45.71],[3.78,45.69],[3.8,45.66],[3.82,45.64],[3.82,45.64],[3.86,45.62],[3.86,45.62],[3.88,45.6],[3.91,45.6],[3.91,45.59],[3.94,45.57],[3.94,45.57],[3.95,45.56],[3.95,45.54],[3.96,45.51],[3.96,45.51],[3.97,45.5],[3.97,45.5],[3.99,45.49],[3.97,45.47],[3.97,45.47],[3.97,45.45],[3.97,45.45],[3.96,45.44],[3.96,45.44],[3.96,45.44],[3.96,45.44],[3.91,45.42],[3.91,45.42],[3.9,45.41],[3.9,45.41],[3.89,45.39],[3.89,45.37],[3.9,45.34],[3.9,45.34],[3.91,45.34],[3.91,45.34],[3.94,45.37],[3.96,45.37],[3.98,45.38],[4,45.36],[4,45.36],[4.01,45.33],[4.01,45.33],[4.02,45.33],[4.03,45.35],[4.04,45.35],[4.04,45.35],[4.07,45.34],[4.07,45.34],[4.08,45.36],[4.1,45.36],[4.1,45.36],[4.11,45.35],[4.12,45.37],[4.16,45.37],[4.15,45.38],[4.16,45.39],[4.16,45.39],[4.2,45.38],[4.24,45.39],[4.24,45.39],[4.27,45.36],[4.27,45.36],[4.3,45.36],[4.3,45.36],[4.31,45.37],[4.31,45.37],[4.34,45.37],[4.36,45.34],[4.33,45.32],[4.35,45.3],[4.37,45.3],[4.37,45.3],[4.36,45.29],[4.36,45.29],[4.35,45.28],[4.37,45.26],[4.37,45.26],[4.39,45.26],[4.39,45.26],[4.42,45.27],[4.42,45.28],[4.45,45.26],[4.45,45.26],[4.48,45.24],[4.48,45.24],[4.49,45.22],[4.48,45.2],[4.48,45.2],[4.46,45.17],[4.46,45.17],[4.44,45.15],[4.46,45.12],[4.46,45.12],[4.44,45.11],[4.44,45.11],[4.44,45.11],[4.43,45.13],[4.41,45.14],[4.38,45.14],[4.38,45.14],[4.37,45.13],[4.4,45.12],[4.39,45.1],[4.36,45.1],[4.36,45.1],[4.36,45.09],[4.36,45.09],[4.35,45.08],[4.35,45.08],[4.37,45.06],[4.38,45.04],[4.38,45.04],[4.35,45.03],[4.35,45.03],[4.32,45.03],[4.3,45.02],[4.29,44.99],[4.31,44.99],[4.31,44.98],[4.31,44.98],[4.31,44.97],[4.28,44.97],[4.26,44.96],[4.23,44.97],[4.22,44.96],[4.22,44.93],[4.21,44.93],[4.19,44.91],[4.19,44.91],[4.19,44.91],[4.16,44.87],[4.14,44.87],[4.12,44.88],[4.08,44.87],[4.08,44.87],[4.03,44.87],[4.02,44.85],[4.03,44.83],[4.03,44.83],[4,44.82],[3.98,44.83],[3.98,44.83],[3.98,44.81],[3.98,44.81],[3.96,44.83],[3.96,44.83],[3.94,44.82],[3.94,44.8],[3.92,44.77],[3.92,44.77],[3.92,44.77],[3.91,44.77],[3.91,44.77],[3.9,44.75],[3.87,44.76],[3.86,44.74],[3.86,44.75],[3.83,44.75],[3.84,44.77],[3.84,44.77],[3.82,44.77],[3.82,44.77],[3.81,44.77],[3.81,44.77],[3.8,44.79],[3.76,44.8],[3.76,44.81],[3.76,44.81],[3.76,44.82],[3.76,44.82],[3.74,44.84],[3.74,44.84],[3.74,44.84],[3.72,44.83],[3.7,44.84],[3.69,44.83],[3.66,44.83],[3.66,44.84],[3.66,44.84],[3.67,44.86],[3.64,44.88],[3.64,44.88],[3.63,44.88],[3.63,44.88],[3.61,44.87],[3.6,44.88],[3.6,44.88],[3.6,44.86],[3.59,44.83],[3.54,44.83],[3.51,44.82],[3.51,44.82],[3.49,44.81],[3.49,44.81],[3.49,44.81],[3.46,44.83],[3.46,44.84],[3.44,44.85],[3.44,44.88],[3.44,44.88],[3.42,44.89],[3.42,44.91],[3.42,44.91],[3.41,44.92],[3.41,44.92],[3.42,44.93],[3.4,44.96],[3.39,44.95],[3.37,44.97],[3.37,44.97],[3.36,44.97],[3.29,44.93],[3.26,44.94],[3.26,44.94],[3.25,44.94],[3.25,44.94],[3.25,44.94],[3.25,44.92],[3.23,44.91],[3.23,44.91],[3.23,44.91],[3.23,44.88],[3.21,44.88],[3.19,44.86],[3.16,44.88],[3.16,44.88],[3.15,44.9],[3.13,44.9],[3.1,44.88],[3.1,44.84],[3.1,44.84],[3.1,44.83],[3.1,44.83],[3.09,44.83],[3.09,44.83],[3.07,44.84],[3.08,44.82],[3.06,44.82],[3.05,44.8],[3.05,44.8],[3.05,44.78],[3.05,44.78],[3.04,44.76],[3.04,44.76],[3.03,44.75],[3.03,44.73],[3.03,44.73],[3.03,44.73],[3.03,44.72],[3,44.69],[2.98,44.64],[2.98,44.64],[2.97,44.65],[2.97,44.65],[2.96,44.66],[2.96,44.66],[2.94,44.68],[2.93,44.72],[2.92,44.73],[2.93,44.75],[2.93,44.75],[2.91,44.76],[2.91,44.76],[2.92,44.77],[2.93,44.76],[2.94,44.77],[2.93,44.78],[2.93,44.78],[2.92,44.79],[2.92,44.79],[2.89,44.79],[2.88,44.8],[2.86,44.85],[2.86,44.85],[2.86,44.87],[2.86,44.87],[2.85,44.87],[2.85,44.87],[2.81,44.87],[2.81,44.87],[2.78,44.86],[2.78,44.86],[2.77,44.86],[2.78,44.89],[2.78,44.89],[2.78,44.91],[2.76,44.93],[2.74,44.94],[2.74,44.94],[2.72,44.93],[2.72,44.93],[2.71,44.93],[2.71,44.91],[2.66,44.89],[2.66,44.87],[2.63,44.87],[2.63,44.87],[2.62,44.85],[2.6,44.84],[2.61,44.83],[2.61,44.83],[2.6,44.82],[2.6,44.79],[2.56,44.78],[2.56,44.76],[2.55,44.76],[2.55,44.73],[2.55,44.73],[2.55,44.73],[2.56,44.72],[2.52,44.7],[2.52,44.7],[2.52,44.7],[2.5,44.69],[2.49,44.66],[2.48,44.65],[2.48,44.65],[2.47,44.65],[2.47,44.65],[2.44,44.64],[2.4,44.65],[2.4,44.65],[2.4,44.65],[2.35,44.64],[2.32,44.67],[2.32,44.67],[2.3,44.66],[2.29,44.67],[2.27,44.66],[2.27,44.66],[2.27,44.66],[2.21,44.64],[2.22,44.62],[2.22,44.62],[2.22,44.62],[2.2,44.62],[2.18,44.64],[2.17,44.64],[2.17,44.64],[2.17,44.65],[2.17,44.65],[2.17,44.66],[2.17,44.66],[2.18,44.67],[2.18,44.67],[2.16,44.7],[2.14,44.69],[2.14,44.69],[2.13,44.7],[2.13,44.7],[2.15,44.72],[2.15,44.75],[2.15,44.75],[2.15,44.77],[2.15,44.77],[2.15,44.77],[2.16,44.77],[2.16,44.77],[2.17,44.78],[2.17,44.78],[2.17,44.79],[2.17,44.79],[2.17,44.81],[2.14,44.82],[2.14,44.82],[2.13,44.84],[2.13,44.84],[2.1,44.87],[2.09,44.87],[2.08,44.89],[2.11,44.91],[2.11,44.91],[2.08,44.93],[2.08,44.95],[2.08,44.95],[2.06,44.98],[2.09,44.98],[2.09,44.99],[2.11,44.98],[2.14,45],[2.14,45.01],[2.14,45.01],[2.12,45.02],[2.1,45.06],[2.1,45.06],[2.1,45.06],[2.1,45.06],[2.14,45.09],[2.16,45.09],[2.17,45.08],[2.17,45.08],[2.19,45.12],[2.18,45.14],[2.2,45.14],[2.21,45.16],[2.23,45.16],[2.23,45.16],[2.23,45.17],[2.2,45.18],[2.2,45.2],[2.19,45.22],[2.19,45.22],[2.2,45.22],[2.2,45.22],[2.2,45.23],[2.24,45.25],[2.24,45.27],[2.26,45.28],[2.26,45.28],[2.27,45.29],[2.27,45.29],[2.27,45.29],[2.29,45.29],[2.31,45.31],[2.31,45.31],[2.34,45.33],[2.34,45.33],[2.36,45.34],[2.36,45.34],[2.36,45.38],[2.37,45.39],[2.35,45.41],[2.38,45.41],[2.38,45.41],[2.4,45.4],[2.4,45.4],[2.42,45.4],[2.42,45.4],[2.44,45.39],[2.44,45.39],[2.44,45.38],[2.47,45.38],[2.48,45.37],[2.48,45.37],[2.49,45.38],[2.52,45.38],[2.52,45.38],[2.52,45.38],[2.52,45.4],[2.52,45.4],[2.49,45.42],[2.49,45.42],[2.5,45.45],[2.5,45.45],[2.5,45.46],[2.5,45.46],[2.51,45.47],[2.51,45.5],[2.51,45.5],[2.52,45.52],[2.52,45.55],[2.52,45.55],[2.51,45.55],[2.49,45.57],[2.46,45.59],[2.48,45.61],[2.48,45.64],[2.52,45.64],[2.52,45.64],[2.53,45.66],[2.51,45.67],[2.51,45.67],[2.53,45.69],[2.53,45.69],[2.52,45.71],[2.49,45.74],[2.45,45.76],[2.45,45.76],[2.43,45.77],[2.43,45.77],[2.43,45.79],[2.39,45.82],[2.4,45.84],[2.43,45.83],[2.43,45.84],[2.45,45.85],[2.45,45.85],[2.44,45.86],[2.44,45.86],[2.44,45.87],[2.47,45.87],[2.47,45.87],[2.47,45.87],[2.49,45.86],[2.49,45.86],[2.51,45.89],[2.55,45.91],[2.55,45.91],[2.54,45.92],[2.54,45.92],[2.55,45.94],[2.55,45.94],[2.57,45.96],[2.61,45.97],[2.61,45.97],[2.59,46],[2.6,46.02],[2.6,46.02],[2.6,46.03],[2.6,46.03],[2.6,46.04],[2.57,46.05],[2.55,46.08],[2.55,46.09],[2.55,46.09],[2.55,46.12],[2.55,46.12],[2.56,46.14],[2.56,46.14],[2.57,46.14],[2.56,46.17],[2.53,46.19]]]}},{"type":"Feature","properties":{"nom":"Languedoc-Roussillon","code":"91"},"geometry":{"type":"Polygon","coordinates":[[[2.14,42.71],[2.14,42.71],[2.1,42.73],[2.1,42.73],[2.08,42.75],[2.08,42.75],[2.06,42.76],[2.02,42.74],[2.02,42.74],[2,42.73],[2,42.74],[2,42.74],[1.99,42.74],[1.99,42.74],[1.95,42.74],[1.93,42.76],[1.93,42.76],[1.91,42.76],[1.91,42.77],[1.91,42.77],[1.93,42.77],[1.93,42.77],[1.9,42.8],[1.9,42.8],[1.9,42.81],[1.86,42.82],[1.86,42.82],[1.88,42.85],[1.88,42.85],[1.88,42.85],[1.89,42.85],[1.89,42.85],[1.96,42.86],[1.96,42.86],[1.99,42.87],[1.98,42.88],[1.98,42.88],[1.99,42.91],[1.99,42.91],[1.98,42.93],[1.98,42.93],[1.93,42.94],[1.95,42.96],[1.95,42.96],[1.98,42.96],[1.99,42.95],[1.99,42.95],[1.98,42.99],[1.99,43],[1.97,43.01],[1.97,43.01],[1.99,43.02],[1.98,43.04],[1.98,43.04],[1.95,43.05],[1.95,43.05],[1.94,43.07],[1.96,43.07],[1.96,43.07],[1.95,43.08],[1.95,43.08],[1.95,43.08],[1.96,43.09],[1.96,43.09],[1.95,43.12],[1.93,43.12],[1.93,43.12],[1.93,43.13],[1.9,43.13],[1.89,43.12],[1.89,43.12],[1.88,43.14],[1.86,43.14],[1.85,43.16],[1.85,43.16],[1.85,43.15],[1.85,43.15],[1.82,43.15],[1.82,43.15],[1.8,43.16],[1.78,43.15],[1.75,43.18],[1.71,43.19],[1.71,43.19],[1.72,43.22],[1.72,43.22],[1.69,43.27],[1.69,43.27],[1.7,43.28],[1.7,43.28],[1.71,43.3],[1.71,43.3],[1.71,43.31],[1.74,43.32],[1.72,43.34],[1.77,43.34],[1.77,43.34],[1.82,43.35],[1.8,43.36],[1.8,43.39],[1.83,43.39],[1.82,43.41],[1.82,43.41],[1.84,43.42],[1.84,43.42],[1.86,43.44],[1.86,43.44],[1.9,43.41],[1.9,43.41],[1.9,43.41],[1.91,43.4],[1.91,43.4],[1.91,43.4],[1.92,43.42],[1.96,43.42],[1.96,43.42],[1.96,43.42],[1.99,43.41],[2.01,43.42],[2.03,43.42],[2.03,43.44],[2.03,43.44],[2.05,43.43],[2.07,43.4],[2.1,43.4],[2.1,43.4],[2.13,43.4],[2.13,43.4],[2.16,43.41],[2.17,43.42],[2.18,43.4],[2.22,43.38],[2.23,43.41],[2.22,43.43],[2.24,43.44],[2.24,43.44],[2.24,43.44],[2.24,43.45],[2.26,43.46],[2.26,43.46],[2.27,43.45],[2.27,43.45],[2.28,43.44],[2.28,43.44],[2.3,43.45],[2.3,43.45],[2.31,43.44],[2.37,43.42],[2.37,43.42],[2.4,43.42],[2.4,43.42],[2.41,43.43],[2.45,43.43],[2.47,43.44],[2.47,43.44],[2.49,43.44],[2.52,43.42],[2.57,43.42],[2.57,43.42],[2.6,43.43],[2.6,43.43],[2.61,43.44],[2.61,43.44],[2.62,43.44],[2.64,43.46],[2.64,43.46],[2.64,43.46],[2.67,43.47],[2.67,43.47],[2.66,43.48],[2.66,43.52],[2.68,43.51],[2.62,43.57],[2.62,43.57],[2.63,43.59],[2.62,43.6],[2.62,43.6],[2.63,43.61],[2.65,43.66],[2.65,43.66],[2.65,43.65],[2.69,43.65],[2.74,43.63],[2.75,43.61],[2.76,43.61],[2.78,43.63],[2.8,43.62],[2.8,43.63],[2.8,43.63],[2.81,43.64],[2.87,43.64],[2.88,43.66],[2.91,43.65],[2.92,43.66],[2.92,43.69],[2.94,43.69],[2.95,43.7],[2.97,43.7],[2.97,43.7],[3,43.71],[3.03,43.69],[3.06,43.7],[3.06,43.7],[3.07,43.71],[3.05,43.72],[3.07,43.76],[3.06,43.78],[3.06,43.78],[3.05,43.8],[3.05,43.8],[3.06,43.83],[3.09,43.84],[3.15,43.81],[3.15,43.81],[3.16,43.82],[3.18,43.81],[3.21,43.81],[3.24,43.83],[3.24,43.83],[3.25,43.84],[3.24,43.87],[3.26,43.89],[3.26,43.89],[3.27,43.9],[3.29,43.89],[3.34,43.89],[3.36,43.91],[3.36,43.91],[3.35,43.94],[3.35,43.94],[3.38,43.96],[3.38,43.97],[3.41,43.97],[3.41,43.97],[3.42,43.99],[3.44,44],[3.45,44.02],[3.45,44.02],[3.42,44.04],[3.4,44.04],[3.39,44.06],[3.37,44.05],[3.37,44.06],[3.35,44.05],[3.35,44.05],[3.34,44.05],[3.33,44.08],[3.33,44.08],[3.32,44.08],[3.32,44.08],[3.3,44.07],[3.27,44.09],[3.32,44.11],[3.32,44.11],[3.32,44.11],[3.32,44.14],[3.34,44.16],[3.37,44.17],[3.36,44.2],[3.36,44.2],[3.32,44.2],[3.29,44.21],[3.29,44.2],[3.26,44.2],[3.24,44.19],[3.24,44.19],[3.23,44.19],[3.23,44.19],[3.2,44.19],[3.22,44.2],[3.22,44.2],[3.23,44.23],[3.19,44.25],[3.16,44.25],[3.15,44.27],[3.14,44.26],[3.12,44.26],[3.13,44.29],[3.15,44.31],[3.15,44.33],[3.13,44.33],[3.13,44.36],[3.12,44.37],[3.12,44.37],[3.12,44.39],[3.14,44.39],[3.13,44.41],[3.13,44.41],[3.14,44.43],[3.14,44.43],[3.14,44.45],[3.14,44.45],[3.1,44.48],[3.1,44.48],[3.07,44.5],[3.08,44.52],[3.08,44.52],[3.07,44.53],[3.08,44.57],[3.08,44.57],[3.08,44.57],[3.06,44.58],[3.06,44.58],[3.06,44.59],[3.03,44.6],[3.03,44.6],[2.99,44.64],[2.99,44.64],[2.98,44.64],[3,44.69],[3.03,44.72],[3.03,44.73],[3.03,44.73],[3.03,44.73],[3.03,44.75],[3.04,44.76],[3.04,44.76],[3.05,44.78],[3.05,44.78],[3.05,44.8],[3.05,44.8],[3.06,44.82],[3.08,44.82],[3.07,44.84],[3.09,44.83],[3.09,44.83],[3.1,44.83],[3.1,44.83],[3.1,44.84],[3.1,44.84],[3.1,44.88],[3.13,44.9],[3.15,44.9],[3.16,44.88],[3.16,44.88],[3.19,44.86],[3.21,44.88],[3.23,44.88],[3.23,44.91],[3.23,44.91],[3.23,44.91],[3.25,44.92],[3.25,44.94],[3.25,44.94],[3.25,44.94],[3.26,44.94],[3.26,44.94],[3.29,44.93],[3.36,44.97],[3.37,44.97],[3.37,44.97],[3.39,44.95],[3.4,44.96],[3.42,44.93],[3.41,44.92],[3.41,44.92],[3.42,44.91],[3.42,44.91],[3.42,44.89],[3.44,44.88],[3.44,44.88],[3.44,44.85],[3.46,44.84],[3.46,44.83],[3.49,44.81],[3.49,44.81],[3.49,44.81],[3.51,44.82],[3.51,44.82],[3.54,44.83],[3.59,44.83],[3.6,44.86],[3.6,44.88],[3.6,44.88],[3.61,44.87],[3.63,44.88],[3.63,44.88],[3.64,44.88],[3.64,44.88],[3.67,44.86],[3.66,44.84],[3.66,44.84],[3.66,44.83],[3.69,44.83],[3.7,44.84],[3.72,44.83],[3.74,44.84],[3.74,44.84],[3.74,44.84],[3.76,44.82],[3.76,44.82],[3.76,44.81],[3.76,44.81],[3.76,44.8],[3.8,44.79],[3.81,44.77],[3.81,44.77],[3.82,44.77],[3.82,44.77],[3.84,44.77],[3.84,44.77],[3.83,44.75],[3.86,44.75],[3.86,44.74],[3.88,44.74],[3.86,44.72],[3.87,44.7],[3.87,44.7],[3.88,44.69],[3.88,44.69],[3.87,44.68],[3.89,44.66],[3.89,44.62],[3.91,44.61],[3.91,44.61],[3.92,44.59],[3.92,44.57],[3.92,44.57],[3.95,44.57],[3.96,44.56],[3.96,44.54],[3.98,44.52],[3.98,44.52],[3.98,44.52],[3.99,44.5],[3.99,44.47],[4,44.46],[4,44.46],[4.02,44.45],[4.02,44.45],[4.02,44.45],[4.04,44.45],[4.05,44.43],[4.04,44.42],[4.05,44.41],[4.07,44.41],[4.05,44.38],[4.05,44.38],[4.06,44.36],[4.05,44.36],[4.05,44.33],[4.04,44.33],[4.04,44.33],[4.05,44.32],[4.05,44.32],[4.06,44.32],[4.06,44.32],[4.07,44.33],[4.11,44.33],[4.11,44.33],[4.11,44.33],[4.13,44.34],[4.14,44.31],[4.18,44.32],[4.18,44.3],[4.23,44.28],[4.23,44.28],[4.26,44.26],[4.29,44.29],[4.29,44.29],[4.29,44.32],[4.32,44.32],[4.33,44.34],[4.38,44.34],[4.39,44.35],[4.39,44.35],[4.4,44.34],[4.4,44.32],[4.39,44.29],[4.43,44.29],[4.44,44.28],[4.44,44.28],[4.45,44.3],[4.45,44.3],[4.45,44.3],[4.45,44.33],[4.45,44.33],[4.46,44.34],[4.46,44.34],[4.51,44.34],[4.51,44.34],[4.51,44.33],[4.55,44.32],[4.55,44.32],[4.55,44.32],[4.56,44.3],[4.57,44.3],[4.57,44.3],[4.6,44.29],[4.6,44.29],[4.61,44.29],[4.61,44.29],[4.62,44.28],[4.62,44.28],[4.65,44.27],[4.65,44.27],[4.65,44.26],[4.65,44.26],[4.68,44.23],[4.67,44.21],[4.7,44.22],[4.71,44.21],[4.71,44.21],[4.7,44.2],[4.7,44.2],[4.72,44.18],[4.72,44.18],[4.72,44.17],[4.72,44.17],[4.72,44.16],[4.72,44.16],[4.71,44.11],[4.71,44.11],[4.72,44.09],[4.72,44.09],[4.73,44.08],[4.75,44.09],[4.76,44.08],[4.76,44.08],[4.78,44.07],[4.79,44.05],[4.79,44.05],[4.8,44.05],[4.8,44.05],[4.81,44.03],[4.84,44.01],[4.84,44],[4.84,44],[4.84,43.99],[4.84,43.99],[4.84,43.99],[4.81,43.99],[4.81,43.96],[4.78,43.94],[4.74,43.92],[4.74,43.92],[4.74,43.92],[4.7,43.9],[4.7,43.9],[4.71,43.89],[4.67,43.88],[4.66,43.87],[4.66,43.87],[4.64,43.85],[4.67,43.85],[4.64,43.83],[4.65,43.81],[4.65,43.78],[4.63,43.76],[4.63,43.76],[4.61,43.71],[4.63,43.69],[4.6,43.69],[4.58,43.7],[4.54,43.71],[4.52,43.7],[4.49,43.7],[4.49,43.7],[4.48,43.67],[4.45,43.66],[4.43,43.63],[4.44,43.61],[4.47,43.61],[4.47,43.61],[4.45,43.58],[4.45,43.58],[4.41,43.58],[4.41,43.56],[4.39,43.56],[4.37,43.55],[4.33,43.54],[4.32,43.55],[4.32,43.55],[4.32,43.55],[4.32,43.53],[4.29,43.51],[4.24,43.5],[4.24,43.5],[4.24,43.5],[4.23,43.46],[4.16,43.47],[4.12,43.5],[4.12,43.52],[4.14,43.53],[4.11,43.55],[4.04,43.56],[4,43.55],[3.91,43.52],[3.9,43.52],[3.85,43.49],[3.82,43.46],[3.79,43.44],[3.72,43.42],[3.73,43.4],[3.69,43.39],[3.65,43.39],[3.57,43.33],[3.51,43.27],[3.44,43.28],[3.43,43.29],[3.4,43.29],[3.36,43.28],[3.27,43.23],[3.18,43.17],[3.15,43.14],[3.13,43.11],[3.08,43.06],[3.06,43.02],[3.07,43.01],[3.06,43],[3.04,42.96],[3.04,42.93],[3.06,42.92],[3.04,42.84],[3.04,42.6],[3.05,42.59],[3.05,42.55],[3.09,42.52],[3.13,42.52],[3.13,42.48],[3.15,42.48],[3.16,42.45],[3.18,42.44],[3.12,42.44],[3.11,42.43],[3.08,42.43],[3.04,42.47],[2.97,42.47],[2.94,42.48],[2.92,42.46],[2.88,42.46],[2.87,42.47],[2.84,42.46],[2.83,42.44],[2.81,42.44],[2.8,42.42],[2.77,42.41],[2.75,42.43],[2.67,42.4],[2.66,42.37],[2.68,42.36],[2.66,42.34],[2.62,42.35],[2.59,42.35],[2.59,42.36],[2.56,42.36],[2.54,42.34],[2.54,42.33],[2.5,42.34],[2.48,42.34],[2.47,42.36],[2.45,42.37],[2.43,42.39],[2.34,42.41],[2.32,42.43],[2.29,42.42],[2.26,42.44],[2.2,42.42],[2.14,42.42],[2.11,42.39],[2.09,42.38],[2.09,42.36],[2.02,42.36],[2.01,42.35],[1.99,42.36],[1.96,42.39],[1.96,42.42],[1.94,42.43],[1.94,42.45],[1.89,42.45],[1.84,42.48],[1.81,42.48],[1.81,42.49],[1.73,42.49],[1.72,42.52],[1.73,42.53],[1.74,42.56],[1.76,42.57],[1.77,42.56],[1.79,42.57],[1.82,42.58],[1.82,42.58],[1.87,42.58],[1.87,42.58],[1.87,42.59],[1.89,42.59],[1.9,42.61],[1.9,42.61],[1.94,42.61],[1.95,42.62],[1.98,42.62],[1.98,42.63],[2,42.66],[2,42.66],[2.02,42.65],[2.02,42.65],[2.06,42.66],[2.07,42.67],[2.11,42.66],[2.13,42.67],[2.14,42.66],[2.17,42.66],[2.18,42.68],[2.16,42.7],[2.14,42.71]],[[1.98,42.49],[1.96,42.48],[1.96,42.45],[2.01,42.45],[1.99,42.46],[2,42.49],[1.98,42.49]]]}},{"type":"Feature","properties":{"nom":"Provence-Alpes-Côte d'Azur","code":"93"},"geometry":{"type":"MultiPolygon","coordinates":[[[[5.51,44.12],[5.51,44.12],[5.54,44.13],[5.55,44.15],[5.55,44.15],[5.55,44.15],[5.58,44.16],[5.56,44.17],[5.58,44.19],[5.58,44.19],[5.61,44.19],[5.61,44.19],[5.64,44.17],[5.63,44.15],[5.68,44.15],[5.68,44.16],[5.68,44.16],[5.64,44.17],[5.65,44.19],[5.65,44.19],[5.68,44.19],[5.69,44.2],[5.68,44.23],[5.68,44.23],[5.67,44.26],[5.69,44.27],[5.65,44.27],[5.65,44.27],[5.63,44.28],[5.63,44.3],[5.63,44.3],[5.61,44.32],[5.63,44.33],[5.63,44.33],[5.59,44.33],[5.59,44.33],[5.57,44.33],[5.57,44.33],[5.54,44.33],[5.54,44.34],[5.52,44.35],[5.49,44.34],[5.49,44.34],[5.47,44.35],[5.47,44.35],[5.46,44.37],[5.44,44.37],[5.44,44.37],[5.43,44.41],[5.43,44.43],[5.47,44.42],[5.49,44.43],[5.49,44.43],[5.49,44.43],[5.5,44.44],[5.46,44.45],[5.46,44.45],[5.46,44.49],[5.46,44.49],[5.47,44.5],[5.47,44.5],[5.47,44.49],[5.51,44.49],[5.51,44.49],[5.55,44.48],[5.55,44.48],[5.6,44.47],[5.6,44.47],[5.62,44.48],[5.63,44.5],[5.63,44.5],[5.66,44.5],[5.66,44.5],[5.66,44.5],[5.65,44.52],[5.6,44.54],[5.61,44.57],[5.61,44.57],[5.61,44.57],[5.62,44.59],[5.63,44.59],[5.63,44.59],[5.65,44.62],[5.65,44.62],[5.64,44.62],[5.64,44.65],[5.64,44.65],[5.68,44.65],[5.73,44.64],[5.75,44.65],[5.79,44.65],[5.79,44.65],[5.81,44.68],[5.81,44.68],[5.83,44.69],[5.83,44.7],[5.81,44.71],[5.81,44.71],[5.81,44.71],[5.83,44.74],[5.83,44.76],[5.83,44.76],[5.85,44.75],[5.89,44.75],[5.89,44.76],[5.92,44.75],[5.95,44.76],[5.95,44.76],[5.95,44.77],[5.95,44.77],[5.98,44.78],[5.98,44.78],[5.98,44.78],[5.98,44.79],[5.95,44.8],[5.95,44.8],[5.98,44.82],[5.98,44.82],[6,44.82],[6.02,44.84],[6.03,44.84],[6.05,44.82],[6.06,44.82],[6.09,44.84],[6.13,44.86],[6.16,44.86],[6.17,44.85],[6.17,44.85],[6.2,44.86],[6.25,44.85],[6.27,44.87],[6.3,44.87],[6.34,44.85],[6.36,44.85],[6.35,44.88],[6.35,44.88],[6.36,44.91],[6.35,44.94],[6.32,44.96],[6.32,45],[6.32,45],[6.26,45],[6.2,45.01],[6.22,45.07],[6.24,45.07],[6.23,45.11],[6.26,45.12],[6.26,45.13],[6.28,45.11],[6.32,45.11],[6.33,45.12],[6.33,45.12],[6.36,45.11],[6.37,45.08],[6.36,45.07],[6.4,45.06],[6.43,45.06],[6.45,45.05],[6.49,45.06],[6.48,45.09],[6.51,45.11],[6.51,45.11],[6.54,45.1],[6.56,45.11],[6.56,45.11],[6.57,45.12],[6.61,45.12],[6.63,45.11],[6.63,45.11],[6.63,45.1],[6.66,45.07],[6.66,45.05],[6.67,45.02],[6.74,45.02],[6.76,44.96],[6.75,44.94],[6.76,44.94],[6.75,44.91],[6.78,44.89],[6.8,44.89],[6.84,44.86],[6.86,44.85],[6.91,44.85],[6.94,44.86],[7,44.84],[7.02,44.81],[7,44.79],[7.02,44.77],[7.02,44.75],[7.03,44.73],[7.06,44.71],[7.08,44.68],[7.03,44.69],[6.99,44.69],[6.96,44.68],[6.96,44.66],[6.95,44.64],[6.97,44.62],[6.95,44.62],[6.93,44.57],[6.88,44.55],[6.86,44.53],[6.86,44.5],[6.88,44.49],[6.88,44.48],[6.9,44.47],[6.91,44.45],[6.94,44.44],[6.93,44.42],[6.89,44.42],[6.9,44.37],[6.93,44.33],[6.96,44.31],[6.96,44.3],[7,44.27],[7,44.25],[7.01,44.23],[7.04,44.22],[7.08,44.23],[7.14,44.2],[7.16,44.21],[7.19,44.2],[7.19,44.19],[7.22,44.17],[7.24,44.17],[7.26,44.15],[7.29,44.14],[7.34,44.15],[7.36,44.12],[7.41,44.12],[7.43,44.11],[7.43,44.13],[7.46,44.13],[7.52,44.14],[7.54,44.15],[7.62,44.15],[7.64,44.18],[7.68,44.18],[7.67,44.15],[7.68,44.15],[7.67,44.12],[7.69,44.11],[7.72,44.08],[7.7,44.04],[7.66,44.03],[7.66,44.01],[7.67,44],[7.65,43.98],[7.62,43.96],[7.59,43.96],[7.57,43.95],[7.57,43.93],[7.56,43.92],[7.56,43.9],[7.51,43.88],[7.5,43.87],[7.52,43.8],[7.53,43.78],[7.49,43.77],[7.48,43.75],[7.46,43.76],[7.43,43.75],[7.4,43.72],[7.36,43.72],[7.33,43.7],[7.34,43.68],[7.32,43.69],[7.25,43.69],[7.23,43.68],[7.23,43.66],[7.2,43.65],[7.2,43.66],[7.16,43.66],[7.14,43.64],[7.13,43.62],[7.13,43.57],[7.14,43.56],[7.13,43.54],[7.11,43.57],[7.07,43.57],[7.06,43.55],[7.04,43.54],[7.03,43.55],[6.99,43.55],[6.95,43.54],[6.94,43.52],[6.95,43.49],[6.92,43.47],[6.92,43.45],[6.89,43.44],[6.89,43.43],[6.86,43.43],[6.86,43.41],[6.84,43.42],[6.79,43.41],[6.77,43.42],[6.75,43.42],[6.71,43.37],[6.72,43.36],[6.67,43.33],[6.67,43.31],[6.63,43.31],[6.58,43.27],[6.59,43.26],[6.62,43.26],[6.62,43.27],[6.66,43.27],[6.68,43.28],[6.7,43.26],[6.68,43.25],[6.66,43.23],[6.68,43.2],[6.66,43.2],[6.64,43.19],[6.64,43.17],[6.62,43.16],[6.6,43.18],[6.56,43.19],[6.54,43.17],[6.49,43.15],[6.47,43.16],[6.44,43.14],[6.41,43.15],[6.37,43.14],[6.36,43.13],[6.37,43.09],[6.33,43.09],[6.31,43.11],[6.26,43.12],[6.24,43.11],[6.2,43.12],[6.16,43.09],[6.15,43.07],[6.15,43.04],[6.16,43.03],[6.1,43.03],[6.09,43.04],[6.12,43.04],[6.13,43.05],[6.13,43.07],[6.08,43.09],[6.05,43.08],[6.02,43.08],[6.02,43.1],[5.99,43.1],[5.98,43.11],[5.93,43.1],[5.93,43.12],[5.91,43.11],[5.89,43.12],[5.88,43.1],[5.91,43.1],[5.9,43.08],[5.95,43.08],[5.95,43.07],[5.9,43.07],[5.9,43.08],[5.87,43.07],[5.86,43.05],[5.83,43.05],[5.8,43.07],[5.81,43.09],[5.81,43.12],[5.79,43.11],[5.77,43.12],[5.78,43.13],[5.77,43.14],[5.75,43.13],[5.72,43.15],[5.68,43.16],[5.69,43.18],[5.65,43.19],[5.62,43.19],[5.6,43.16],[5.57,43.17],[5.55,43.21],[5.5,43.2],[5.46,43.21],[5.45,43.2],[5.43,43.21],[5.34,43.21],[5.37,43.25],[5.37,43.27],[5.35,43.28],[5.37,43.3],[5.36,43.32],[5.32,43.36],[5.3,43.36],[5.24,43.33],[5.04,43.33],[5.02,43.35],[4.97,43.42],[4.91,43.43],[4.89,43.41],[4.86,43.44],[4.87,43.42],[4.86,43.41],[4.83,43.43],[4.83,43.42],[4.86,43.4],[4.83,43.4],[4.86,43.39],[4.84,43.38],[4.88,43.36],[4.86,43.34],[4.86,43.33],[4.84,43.33],[4.77,43.35],[4.61,43.35],[4.58,43.36],[4.56,43.38],[4.6,43.41],[4.59,43.43],[4.55,43.45],[4.46,43.46],[4.42,43.45],[4.38,43.45],[4.23,43.46],[4.24,43.5],[4.24,43.5],[4.24,43.5],[4.29,43.51],[4.32,43.53],[4.32,43.55],[4.32,43.55],[4.32,43.55],[4.33,43.54],[4.37,43.55],[4.39,43.56],[4.41,43.56],[4.41,43.58],[4.45,43.58],[4.45,43.58],[4.47,43.61],[4.47,43.61],[4.44,43.61],[4.43,43.63],[4.45,43.66],[4.48,43.67],[4.49,43.7],[4.49,43.7],[4.52,43.7],[4.54,43.71],[4.58,43.7],[4.6,43.69],[4.63,43.69],[4.61,43.71],[4.63,43.76],[4.63,43.76],[4.65,43.78],[4.65,43.81],[4.64,43.83],[4.67,43.85],[4.64,43.85],[4.66,43.87],[4.66,43.87],[4.67,43.88],[4.71,43.89],[4.7,43.9],[4.7,43.9],[4.74,43.92],[4.74,43.92],[4.74,43.92],[4.78,43.94],[4.81,43.96],[4.81,43.99],[4.84,43.99],[4.84,43.99],[4.84,43.99],[4.84,44],[4.84,44],[4.84,44.01],[4.81,44.03],[4.8,44.05],[4.8,44.05],[4.79,44.05],[4.79,44.05],[4.78,44.07],[4.76,44.08],[4.76,44.08],[4.75,44.09],[4.73,44.08],[4.72,44.09],[4.72,44.09],[4.71,44.11],[4.71,44.11],[4.72,44.16],[4.72,44.16],[4.72,44.17],[4.72,44.17],[4.72,44.18],[4.72,44.18],[4.7,44.2],[4.7,44.2],[4.71,44.21],[4.71,44.21],[4.7,44.22],[4.67,44.21],[4.68,44.23],[4.65,44.26],[4.65,44.26],[4.65,44.27],[4.65,44.27],[4.65,44.29],[4.65,44.29],[4.65,44.33],[4.65,44.33],[4.65,44.33],[4.68,44.32],[4.71,44.32],[4.72,44.33],[4.72,44.33],[4.76,44.33],[4.76,44.33],[4.78,44.32],[4.8,44.3],[4.8,44.3],[4.8,44.28],[4.8,44.28],[4.81,44.26],[4.81,44.23],[4.83,44.23],[4.88,44.26],[4.88,44.26],[4.9,44.26],[4.9,44.26],[4.9,44.26],[4.93,44.26],[4.93,44.26],[4.94,44.27],[4.97,44.28],[4.97,44.28],[4.99,44.29],[4.99,44.29],[5.02,44.29],[5.06,44.31],[5.06,44.31],[5.08,44.28],[5.11,44.28],[5.15,44.3],[5.15,44.31],[5.17,44.31],[5.17,44.31],[5.17,44.31],[5.17,44.3],[5.17,44.3],[5.15,44.28],[5.16,44.27],[5.16,44.25],[5.16,44.25],[5.15,44.24],[5.15,44.24],[5.16,44.23],[5.21,44.21],[5.24,44.21],[5.24,44.23],[5.24,44.23],[5.25,44.23],[5.25,44.23],[5.28,44.22],[5.28,44.22],[5.3,44.21],[5.3,44.21],[5.3,44.21],[5.34,44.2],[5.36,44.21],[5.38,44.2],[5.38,44.2],[5.38,44.2],[5.39,44.18],[5.38,44.16],[5.38,44.16],[5.42,44.15],[5.42,44.15],[5.44,44.14],[5.44,44.14],[5.45,44.14],[5.45,44.12],[5.45,44.12],[5.51,44.12]],[[5.01,43.56],[5.02,43.53],[5,43.51],[5,43.47],[5.04,43.47],[5.05,43.46],[5.05,43.44],[5.06,43.42],[5.06,43.4],[5.14,43.4],[5.2,43.44],[5.2,43.45],[5.23,43.45],[5.22,43.49],[5.2,43.49],[5.15,43.46],[5.13,43.48],[5.11,43.51],[5.12,43.52],[5.11,43.53],[5.06,43.53],[5.05,43.52],[5.02,43.56],[5.01,43.56]]],[[[7.07,43.51],[7.07,43.51],[7.07,43.51],[7.07,43.51]]],[[[6.2,42.98],[6.2,42.99],[6.17,43.01],[6.21,43],[6.25,43.02],[6.25,43],[6.21,42.99],[6.2,42.98]]],[[[6.47,43.02],[6.46,43.01],[6.45,43.02],[6.44,43],[6.43,43.02],[6.46,43.03],[6.47,43.05],[6.51,43.05],[6.47,43.02]]],[[[6.4,42.99],[6.37,43],[6.41,43.02],[6.42,43.01],[6.4,42.99]]],[[[4.95,44.42],[4.95,44.42],[4.96,44.42],[4.96,44.42],[4.97,44.43],[5.01,44.41],[5.01,44.41],[5.02,44.39],[5.07,44.38],[5.07,44.38],[5.07,44.38],[5.07,44.37],[5.03,44.36],[5.01,44.33],[5.01,44.33],[4.99,44.31],[4.99,44.29],[4.98,44.3],[4.92,44.31],[4.92,44.31],[4.89,44.3],[4.89,44.31],[4.89,44.31],[4.88,44.33],[4.9,44.34],[4.87,44.35],[4.87,44.35],[4.89,44.37],[4.91,44.37],[4.91,44.4],[4.95,44.42]]]]}},{"type":"Feature","properties":{"nom":"Corse","code":"94"},"geometry":{"type":"MultiPolygon","coordinates":[[[[9.4,41.86],[9.41,41.82],[9.4,41.8],[9.4,41.77],[9.41,41.77],[9.4,41.72],[9.4,41.69],[9.37,41.68],[9.39,41.65],[9.35,41.64],[9.35,41.62],[9.31,41.62],[9.28,41.6],[9.29,41.58],[9.32,41.6],[9.34,41.59],[9.36,41.6],[9.37,41.59],[9.35,41.58],[9.35,41.56],[9.33,41.56],[9.28,41.52],[9.27,41.5],[9.29,41.5],[9.29,41.48],[9.27,41.46],[9.24,41.45],[9.22,41.43],[9.22,41.41],[9.26,41.43],[9.26,41.41],[9.25,41.41],[9.22,41.38],[9.22,41.37],[9.18,41.37],[9.17,41.38],[9.13,41.4],[9.1,41.39],[9.09,41.4],[9.12,41.44],[9.1,41.44],[9.1,41.45],[9.07,41.44],[9.07,41.48],[9.06,41.46],[9.04,41.46],[8.99,41.49],[8.97,41.48],[8.97,41.49],[8.92,41.49],[8.91,41.51],[8.89,41.51],[8.89,41.52],[8.84,41.52],[8.85,41.54],[8.84,41.55],[8.81,41.55],[8.81,41.56],[8.79,41.59],[8.79,41.63],[8.8,41.64],[8.82,41.63],[8.85,41.65],[8.88,41.65],[8.88,41.67],[8.92,41.68],[8.89,41.69],[8.88,41.7],[8.84,41.7],[8.83,41.71],[8.79,41.7],[8.77,41.72],[8.78,41.73],[8.77,41.74],[8.71,41.72],[8.7,41.74],[8.66,41.74],[8.71,41.76],[8.73,41.78],[8.71,41.8],[8.73,41.8],[8.75,41.81],[8.77,41.81],[8.78,41.83],[8.76,41.85],[8.79,41.85],[8.78,41.88],[8.8,41.89],[8.8,41.91],[8.78,41.93],[8.76,41.92],[8.75,41.93],[8.72,41.91],[8.64,41.91],[8.61,41.9],[8.62,41.94],[8.61,41.94],[8.59,41.96],[8.67,41.98],[8.67,41.99],[8.65,42],[8.69,42.03],[8.72,42.03],[8.75,42.05],[8.72,42.08],[8.71,42.08],[8.71,42.1],[8.68,42.11],[8.66,42.1],[8.65,42.12],[8.62,42.12],[8.61,42.13],[8.58,42.13],[8.59,42.15],[8.56,42.15],[8.59,42.17],[8.58,42.18],[8.58,42.2],[8.57,42.23],[8.55,42.23],[8.55,42.24],[8.61,42.25],[8.64,42.25],[8.64,42.26],[8.69,42.26],[8.69,42.28],[8.66,42.3],[8.64,42.3],[8.63,42.31],[8.6,42.31],[8.6,42.32],[8.63,42.34],[8.62,42.35],[8.59,42.35],[8.56,42.34],[8.55,42.36],[8.55,42.38],[8.57,42.37],[8.58,42.38],[8.61,42.39],[8.62,42.42],[8.64,42.42],[8.65,42.41],[8.66,42.42],[8.65,42.44],[8.67,42.45],[8.68,42.47],[8.65,42.48],[8.67,42.52],[8.7,42.52],[8.72,42.53],[8.71,42.54],[8.72,42.56],[8.71,42.58],[8.73,42.57],[8.76,42.57],[8.76,42.56],[8.79,42.56],[8.8,42.57],[8.81,42.6],[8.84,42.61],[8.87,42.61],[8.88,42.63],[8.91,42.63],[8.92,42.64],[8.95,42.63],[8.98,42.64],[9.02,42.64],[9.06,42.66],[9.06,42.69],[9.1,42.72],[9.16,42.74],[9.23,42.72],[9.26,42.72],[9.26,42.71],[9.29,42.68],[9.3,42.68],[9.32,42.7],[9.32,42.72],[9.35,42.74],[9.34,42.76],[9.34,42.8],[9.31,42.83],[9.34,42.86],[9.33,42.9],[9.36,42.94],[9.35,42.97],[9.34,42.98],[9.34,43],[9.36,43.01],[9.43,43.01],[9.46,42.99],[9.45,42.96],[9.46,42.96],[9.47,42.94],[9.47,42.9],[9.48,42.88],[9.48,42.84],[9.49,42.83],[9.49,42.8],[9.47,42.77],[9.47,42.75],[9.46,42.74],[9.46,42.71],[9.45,42.71],[9.45,42.66],[9.46,42.64],[9.53,42.57],[9.53,42.47],[9.54,42.47],[9.54,42.39],[9.53,42.38],[9.53,42.36],[9.54,42.36],[9.54,42.33],[9.56,42.28],[9.56,42.25],[9.55,42.24],[9.55,42.22],[9.56,42.2],[9.55,42.16],[9.56,42.14],[9.55,42.1],[9.5,42.05],[9.49,42.05],[9.46,42],[9.44,41.99],[9.41,41.94],[9.42,41.93],[9.4,41.9],[9.4,41.86]]],[[[9.26,41.36],[9.26,41.36],[9.26,41.36],[9.26,41.36]]]]}}]}